Job ID,Date,Status,Requirements,Company,Title,Job Link,Location,Pay,Job Type
10540568,2025-12-27 13:40:07,Saved,"Cover Letter, Transcript, Other Docs",NeuralSeek,December NeuralSeek Week Agentic AI Internship,https://app.joinhandshake.com/jobs/10540568,Remote,$36–45/hr∙Internship∙May 10–Aug 13,
10535340,2025-12-27 13:40:16,Skipped,,D. E. Shaw Research,Machine Learning/Software Development/Computational Science Internships at D. E. Shaw Research,https://app.joinhandshake.com/jobs/10535340,"New York, NY",$11–20K/mo,
10592425,2025-12-27 13:40:18,External,,Titan Cloud Software,Data Science Intern,https://app.joinhandshake.com/jobs/10592425,Remote,$25/hr,
10572619,2025-12-27 13:40:21,Saved,Other Docs,Party Place,Software Engineering Intern,https://app.joinhandshake.com/jobs/10572619,"Remote or New York, NY",$20–35/hr,
10563065,2025-12-27 13:40:29,Saved,"Cover Letter, Transcript",Tractian,Software Engineer Intern,https://app.joinhandshake.com/jobs/10563065,"Atlanta, GA","Tractian is the AI platform transforming machine data into uptime, capture shop-floor know-how, and accelerate manufacturing throughput. Tractian is backed by over $200 million in funding from General Catalyst, and Y Combinator, pushing the limits of industrial intelligence, turning data into action before breakdowns happen.",
10548816,2025-12-27 13:40:39,Saved,Transcript,Tata Consultancy Services,Gen AI Developer Intern,https://app.joinhandshake.com/jobs/10548816,"Remote or New York, NY",$21–22/hr,
10576183,2025-12-27 13:40:48,External,,Corsair,AI Development Intern,https://app.joinhandshake.com/jobs/10576183,"Milpitas, CA",$30/hr,
10572185,2025-12-27 13:40:50,Failed,Validation Error,"Dirac, Inc.",Internship,https://app.joinhandshake.com/jobs/10572185,"New York, NY",$25/hr,
10541240,2025-12-27 13:41:18,Saved,Cover Letter,Wrench.AI,Back-End DevOps Intern,https://app.joinhandshake.com/jobs/10541240,"Remote or Salt Lake City, UT",$25/hr,
10549649,2025-12-27 13:41:22,Failed,Validation Error,Holt Logistics Corp.,Programming Intern,https://app.joinhandshake.com/jobs/10549649,"Gloucester City, NJ",$21–25/hr∙Internship∙May 31–Aug 13,
10487087,2025-12-27 13:41:31,Failed,Validation Error,Plato+,Software Engineering Intern - AI Automation Systems,https://app.joinhandshake.com/jobs/10487087,Remote,,
10550314,2025-12-27 13:41:40,Failed,Validation Error,Cocobolo Group,Software & Web Development Intern,https://app.joinhandshake.com/jobs/10550314,Remote,$17/hr,
10587366,2025-12-27 13:42:26,Saved,Other Docs,"Agona, Inc",Mobile App Engineer,https://app.joinhandshake.com/jobs/10587366,Remote,"Agona is an early stage consumer tech venture exploring new ways to blend wellness, fitness, and digital balance into a single engaging experience. We’re developing an innovative mobile app in this space and are beginning to assemble our core team. We’re raising $1M and looking for someone who has experience building mobile apps and understands consumer trends as well as gamification! ",
10575116,2025-12-27 13:42:41,Failed,Validation Error,LayerOne,Summer Intern - Engineering,https://app.joinhandshake.com/jobs/10575116,"New York, NY",$9K per month or more,
10578865,2025-12-27 13:42:50,Saved,Cover Letter,FlexGen,Software Integration Intern,https://app.joinhandshake.com/jobs/10578865,"Durham, NC",$20–30/hr,
10583447,2025-12-27 13:42:58,Failed,Validation Error,Skillify,Software Engineering Intern,https://app.joinhandshake.com/jobs/10583447,"Las Vegas, NV",$1K/mo,
10540666,2025-12-27 13:48:15,Failed,Validation Error,SailPoint,Software Engineer Intern (.Net),https://app.joinhandshake.com/jobs/10540666,Remote,$35–40/hr,
10586679,2025-12-27 13:48:24,Failed,Validation Error,Concept Studio,Full-Stack Intern,https://app.joinhandshake.com/jobs/10586679,Remote,$15–20/hr∙Internship∙Jun 30–Jun 30,
10537709,2025-12-27 13:48:33,External,,SCOUT Space Inc,Computer Vision (AI/ML) Engineering Intern,https://app.joinhandshake.com/jobs/10537709,"Remote or Reston, VA",$30/hr,
10560096,2025-12-27 13:48:35,Failed,Validation Error,Wipp.ai,Technical GTM Intern,https://app.joinhandshake.com/jobs/10560096,Remote,$15–18/hr,
10577919,2025-12-27 13:48:45,Failed,Validation Error,Astera Holdings,Quantitative Research Intern,https://app.joinhandshake.com/jobs/10577919,"Remote or New York, NY",$50–200K/yr,
10532902,2025-12-27 13:48:54,Saved,"Cover Letter, Transcript",Maxinsights,Robotics Intern,https://app.joinhandshake.com/jobs/10532902,"Remote or Santa Clara, CA",$15–20/hr,
10496109,2025-12-27 13:48:58,Saved,"Cover Letter, Transcript",Crunchy Tech,Software Engineering Intern,https://app.joinhandshake.com/jobs/10496109,Remote,$12–20/hr,
10362262,2025-12-27 13:49:07,Saved,Other Docs,Software Engineer - New Grad or Intern,Software Engineer - New Grad or Intern,https://app.joinhandshake.com/jobs/10362262,"Remote or New York, NY",$25–40/hr,
10581222,2025-12-27 13:49:11,Failed,Validation Error,MyStage,Full Stack Developer Intern,https://app.joinhandshake.com/jobs/10581222,Remote,$20–30/hr,
10371361,2025-12-27 13:49:19,Failed,Validation Error,Astera Holdings,Software Engineer Intern,https://app.joinhandshake.com/jobs/10371361,Remote,$30–100K/yr,
10585231,2025-12-27 13:49:28,Saved,"Cover Letter, Transcript",Investment Analyst Intern,Investment Analyst Intern,https://app.joinhandshake.com/jobs/10585231,Remote,$20–30/hr,
10185095,2025-12-27 13:49:37,Saved,Other Docs,Intelligine Technologies,AI / ML Engineer,https://app.joinhandshake.com/jobs/10185095,Remote,,
10537955,2025-12-27 13:49:46,Failed,Validation Error,Aspire Lifestyles,Data Engineer Intern,https://app.joinhandshake.com/jobs/10537955,Remote,$20–30/hr,
10469236,2025-12-27 13:49:55,Failed,Validation Error,Odyn Network,"Masters Intern, Distributed Systems/AI Infrastructure",https://app.joinhandshake.com/jobs/10469236,Remote,$30–40/hr,
10589612,2025-12-27 13:50:05,Failed,Validation Error,The Book,React Developer,https://app.joinhandshake.com/jobs/10589612,Remote,$20–30/hr,
10465587,2025-12-27 13:50:14,Failed,Validation Error,SailPoint,DevOps Intern,https://app.joinhandshake.com/jobs/10465587,Remote,$25/hr∙Internship,
10568852,2025-12-27 13:50:23,External,,The Muse,Data Analyst Intern,https://app.joinhandshake.com/jobs/10568852,Remote,$70–80K/yr∙Internship,
10571587,2025-12-27 13:50:25,Failed,Validation Error,Salmos.Ai,Front-End Engineer Intern,https://app.joinhandshake.com/jobs/10571587,"Remote or Charlottesville, VA",$45–50K/yr∙Full-time job,
10284280,2025-12-27 13:50:34,External,,Atlassian,"Machine Learning Intern, 2026 Summer U.S.",https://app.joinhandshake.com/jobs/10284280,"Remote or San Francisco, CA",$45–61/hr,
10523354,2025-12-27 13:50:37,Failed,Validation Error,UpAhead,product engineering intern (mobile/web),https://app.joinhandshake.com/jobs/10523354,Remote,$25/hr,
10540704,2025-12-27 13:50:53,Failed,Validation Error,Odyn Network,Intern - UI/UX AI Product Designer,https://app.joinhandshake.com/jobs/10540704,Remote,$20–30/hr,
10227028,2025-12-27 13:51:13,APPLIED,Resume Only,"Ross Energy Consulting, LLC",Computer Programmer/Software Engineer Intern,https://app.joinhandshake.com/jobs/10227028,Remote,$17–20/hr,
10440352,2025-12-27 13:51:19,External,,"Second Dinner Studios, Inc.",[2026] AI/ML Engineer Intern,https://app.joinhandshake.com/jobs/10440352,Remote,$50–55/hr,
10262250,2025-12-27 13:51:21,External,,Atlassian,"Software Engineer Intern, 2026 Summer U.S.",https://app.joinhandshake.com/jobs/10262250,"Remote or San Francisco, CA + 1",$49–75/hr,
10031958,2025-12-27 13:52:15,Saved,Cover Letter,"Clinpharma Clinical Research, LLC",Python AI Intern,https://app.joinhandshake.com/jobs/10031958,"Remote or Wilmington, DE",$300/mo,
10253829,2025-12-27 13:52:25,Skipped,,MyDataProduct,AI Automation Engineering Intern,https://app.joinhandshake.com/jobs/10253829,Remote,$1–5K/mo,
10025631,2025-12-27 13:52:27,Failed,Validation Error,Wellacy Health,Software Engineering Intern,https://app.joinhandshake.com/jobs/10025631,Remote,$4–5K/mo,
10411057,2025-12-27 13:52:36,Saved,Transcript,Linksome,Frontend Developer Intern / AI Frontend  (Remote Accepted),https://app.joinhandshake.com/jobs/10411057,"Remote or Shenzhen Shi, Guangdong",$2–3K/mo,
10364909,2025-12-27 13:52:45,Saved,Transcript,Dyneti Technologies,Software Engineering Intern,https://app.joinhandshake.com/jobs/10364909,Remote,,
10229060,2025-12-27 13:52:54,Skipped,,MyDataProduct,AI Frontend Web Engineering Intern,https://app.joinhandshake.com/jobs/10229060,Remote,$1–5K/mo,
10551647,2025-12-27 13:52:56,Saved,"Cover Letter, Transcript",VT Industries,Test Automation Intern,https://app.joinhandshake.com/jobs/10551647,"Remote or Holstein, IA",$20–30/hr,
10590796,2025-12-27 13:53:01,External,,Yelo,Startup Growth Intern,https://app.joinhandshake.com/jobs/10590796,Remote,$20–35/hr∙Internship,
10587438,2025-12-27 13:53:03,Saved,Cover Letter,AI Work Shield LLC,UX/UI Design Intern,https://app.joinhandshake.com/jobs/10587438,Remote,$15–20/hr,
10593562,2025-12-27 13:53:12,External,,The RRS Group & Co.,Software Engineer Intern - Placement Year,https://app.joinhandshake.com/jobs/10593562,"Remote or San Francisco, CA + 1",$27.75–40/hr,
10557676,2025-12-27 13:53:14,Saved,"Cover Letter, Other Docs",Clearing Pathways LLC,Digital Transformation Intern,https://app.joinhandshake.com/jobs/10557676,Remote,$25–40/hr,
10383211,2025-12-27 13:53:23,Saved,"Cover Letter, Transcript",City of Los Angeles - Department of General Services,Paid Internship in Software Engineering,https://app.joinhandshake.com/jobs/10383211,Remote,$15–20/hr∙Internship,
10578942,2025-12-27 13:53:32,Saved,Cover Letter,TIKTAL OÜ,Voice Cloning AI Engineer,https://app.joinhandshake.com/jobs/10578942,Remote,$20–30/hr∙Part-time job,
10326000,2025-12-27 13:53:41,Saved,Cover Letter,iCustomer,ML/Data Engineer Intern,https://app.joinhandshake.com/jobs/10326000,Remote,$65–130K/yr∙Full-time job,
10534870,2025-12-27 13:53:50,External,,Boston Children's Hospital,CHIP Summer 2026 Internship in Computational Health Informatics & AI - Boston Children's Hospital & Harvard Medical School,https://app.joinhandshake.com/jobs/10534870,"Remote or Boston, MA",$18–30/hr,
10261983,2025-12-27 13:53:52,External,,Atlassian,"Data Science Intern, 2026 Summer U.S.",https://app.joinhandshake.com/jobs/10261983,"Remote or Seattle, WA",$43–58/hr,
10565234,2025-12-27 13:53:56,Saved,Cover Letter,OpenStatus,Mobile App Developer,https://app.joinhandshake.com/jobs/10565234,Remote,$300/mo,
10386718,2025-12-27 13:54:05,Skipped,,"Matter and Energy, LLC",Research Scientist (ML/AI),https://app.joinhandshake.com/jobs/10386718,Remote,$36–38/hr∙Internship∙Jun 7–Aug 13,
10137284,2025-12-27 13:54:07,Saved,Cover Letter,AMS Consulting,Full Stack Engineering Intern,https://app.joinhandshake.com/jobs/10137284,"Remote or Pleasanton, CA",$40–50/hr,
10595908,2025-12-27 13:56:38,Saved,Cover Letter,Paid Summer Research Intern,Paid Summer Research Intern,https://app.joinhandshake.com/jobs/10595908,Remote,$40–50/hr,
10569833,2025-12-27 13:56:49,External,,Sports Reference,Sports Reference Summer Internship,https://app.joinhandshake.com/jobs/10569833,Remote,$23.50/hr,
10040172,2025-12-27 13:56:59,Saved,Cover Letter,OMEDZA,Software Quality Assurance (QA) Tester Intern – Remote,https://app.joinhandshake.com/jobs/10040172,Remote,$15–20/hr,
10239368,2025-12-27 13:57:07,Failed,Validation Error,SnapMate,Website Developer Intern,https://app.joinhandshake.com/jobs/10239368,Remote,$1–2K/mo,
10257757,2025-12-27 13:57:17,External,,Ohana,UPenn Marketing Strategy Lead,https://app.joinhandshake.com/jobs/10257757,Remote,$25/hr,
10254083,2025-12-27 13:57:19,Skipped,,MyDataProduct,Full-stack Web Engineering Intern,https://app.joinhandshake.com/jobs/10254083,Remote,$1–5K/mo,
10487712,2025-12-27 13:57:21,External,,Qorvo,Data Integrity & Process Improvement Intern (9635),https://app.joinhandshake.com/jobs/10487712,Remote,$31–42/hr,
10595725,2025-12-27 14:03:46,External,,Cobot,"SWE Intern, AI, Navigation & Controls",https://app.joinhandshake.com/jobs/10595725,"Santa Clara, CA",$30–40/hr,
10586212,2025-12-27 14:03:49,External,,RTX Fintech and Research,Intern Software Engineer,https://app.joinhandshake.com/jobs/10586212,"New York, NY",$20–30/hr,
10586675,2025-12-27 14:04:57,Saved,"Cover Letter, Transcript",Temple Allen Industries,Full Stack Development Intern,https://app.joinhandshake.com/jobs/10586675,"Rockville, MD","$2,500/mo",
10573683,2025-12-27 14:05:12,Saved,"Cover Letter, Transcript",IBM,Software Developer Intern Austin,https://app.joinhandshake.com/jobs/10573683,"Austin, TX","$2,500/mo",
10575084,2025-12-27 14:05:42,Skipped,,Detect,Computer Vision - Intern,https://app.joinhandshake.com/jobs/10575084,"Miami, FL",$80–90K/yr∙Full-time job,
10595254,2025-12-27 14:05:46,Skipped,,Liba Space,Job Annotation Associate,https://app.joinhandshake.com/jobs/10595254,Remote,$20–30/hr,
10594675,2025-12-27 14:05:48,External,,Uber,Freelance Opportunity: Quick Task!,https://app.joinhandshake.com/jobs/10594675,Remote,$20/hr,
10558383,2025-12-27 14:06:18,Saved,"Cover Letter, Other Docs",The Corning Museum of Glass,2026 Software Engineer Internship,https://app.joinhandshake.com/jobs/10558383,"Corning, NY","$2,600/mo",
10559170,2025-12-27 14:06:23,Skipped,,NovaChat AI,Frontend Engineering Intern,https://app.joinhandshake.com/jobs/10559170,Remote,$150–250/mo∙Internship∙Sep 14–Dec 11,
10577597,2025-12-27 14:13:17,Failed,Validation Error,Skillify,Data Science Intern,https://app.joinhandshake.com/jobs/10577597,"Las Vegas, NV",$1K/mo,
10525635,2025-12-27 14:13:26,Saved,Transcript,Dark Alpha Capital LLC,Software Development Intern,https://app.joinhandshake.com/jobs/10525635,Remote,$10–15/hr∙Internship∙Dec 14–Feb 27,
10574396,2025-12-27 14:13:43,Failed,Validation Error,Skillify,AI Engineering Intern,https://app.joinhandshake.com/jobs/10574396,"Las Vegas, NV",$1K/mo,
10567747,2025-12-27 14:13:54,Failed,Validation Error,Metro Global Ventures,IT Intern,https://app.joinhandshake.com/jobs/10567747,"Ocean City, NJ",$20/hr∙Internship∙May 31–Aug 12,
10574060,2025-12-27 14:14:10,Failed,Validation Error,EquityBound,Software Engineering Intern,https://app.joinhandshake.com/jobs/10574060,Remote,$20–35/hr∙Internship∙Jan 4–Jun 4,
10557848,2025-12-27 14:18:27,Skipped,,AnthrAI,Machine Learning Engineer Intern,https://app.joinhandshake.com/jobs/10557848,Remote,$25–50/hr∙Internship,
10593658,2025-12-27 14:18:29,Failed,Validation Error,DLL Financial Solutions,Risk Management Intern,https://app.joinhandshake.com/jobs/10593658,"Wayne, PA",$17–20/hr,
10503537,2025-12-27 14:18:36,Saved,"Transcript, Document Selector (search your transcripts)","VIA Technologies, Inc.",[2026 Summer Intern]【SI-07】Software Engineer- Edge AI Application,https://app.joinhandshake.com/jobs/10503537,"新店區, New Taipei City",,
10296967,2025-12-27 14:18:45,Saved,"Other Docs, Document Selector (search your other documents)",CorneaCare Inc,Software Engineering Intern,https://app.joinhandshake.com/jobs/10296967,"New York, NY",$15–20/hr,
10513656,2025-12-27 14:18:55,Failed,Validation Error,Rocket Money,Engineering Intern - Goals,https://app.joinhandshake.com/jobs/10513656,"Washington, DC",$35/hr,
10550531,2025-12-27 14:19:03,Failed,Validation Error,MyStage,AI Data Engineer Intern,https://app.joinhandshake.com/jobs/10550531,Remote,$20–30/hr,
10287367,2025-12-27 14:19:10,Failed,Validation Error,"RBA, Inc.",Programmer Internship,https://app.joinhandshake.com/jobs/10287367,"Remote or Wayzata, MN + 1",$20–30/hr,
10532892,2025-12-27 14:50:27,Failed,Validation Error,Plato+,Software Engineering Intern - AI Content Systems,https://app.joinhandshake.com/jobs/10532892,Remote,,
10589427,2025-12-27 14:50:34,External,,Universal Music Group,Universal Music Group 2026 Summer Internship Program,https://app.joinhandshake.com/jobs/10589427,"Los Angeles, CA + 4",$15–25/hr,
10543153,2025-12-27 14:50:36,Failed,Validation Error,Zyp,Full-Stack Software Engineer Intern,https://app.joinhandshake.com/jobs/10543153,Remote,$120–140K/yr∙Full-time job,
10281097,2025-12-27 14:59:59,External,,Future Haven,Software Engineer Intern,https://app.joinhandshake.com/jobs/10281097,"Austin, TX + 3",$20–30/hr,
10535029,2025-12-27 15:00:01,Failed,Validation Error,Inventa B-Corp,"SWE, Backend & DL / SWD, Frontend Gladiators",https://app.joinhandshake.com/jobs/10535029,Remote,$30–100/hr∙Full-time job,
10590220,2025-12-27 15:00:09,APPLIED,Resume Only,fAIshion Inc,Fullstack Developer Intern,https://app.joinhandshake.com/jobs/10590220,Remote,$15–20/hr∙Internship∙Sep 30–Jan 30,
10464897,2025-12-27 15:00:18,Failed,Validation Error,Sallie Mae,Software Engineering Intern - Full Stack,https://app.joinhandshake.com/jobs/10464897,"Newark, DE",$70–90K/yr∙Full-time job,
10576148,2025-12-27 15:00:26,External,,Corsair,Full Stack Developer Data/AI Intern,https://app.joinhandshake.com/jobs/10576148,"Milpitas, CA",$30/hr,
10241960,2025-12-27 15:00:29,External,,Apple,Machine Learning / AI Internships,https://app.joinhandshake.com/jobs/10241960,,$300K/yr∙Internship,
10550648,2025-12-27 15:00:31,Saved,"Transcript, Document Selector (search your transcripts)",IDX Exchange LLC,Software Development Intern,https://app.joinhandshake.com/jobs/10550648,Remote,,
10586709,2025-12-27 15:04:40,Saved,"Cover Letter, Transcript, Document Selector (search your transcripts)",Temple Allen Industries,Data Analysis Intern,https://app.joinhandshake.com/jobs/10586709,"Rockville, MD","$2,500/mo",
10563889,2025-12-27 15:04:56,APPLIED,Resume Only,Rocket Money,Data Analytics Intern,https://app.joinhandshake.com/jobs/10563889,"Washington, DC",$35/hr,
10551578,2025-12-27 15:05:03,Saved,"Cover Letter, Transcript, Document Selector (search your transcripts)",Computer Science and Engineering AI & ML Internship,Computer Science and Engineering AI & ML Internship,https://app.joinhandshake.com/jobs/10551578,"Idaho Falls, ID",$50–55/hr∙Internship∙May 17–Sep 10,
10549075,2025-12-27 15:08:11,Skipped,,BigHat Biosciences,"Machine Learning, Summer Internship",https://app.joinhandshake.com/jobs/10549075,"San Francisco, CA + 1",$25–60/hr,
10524669,2025-12-27 15:08:13,APPLIED,Resume Only,crypt0nest.io LLC,Quant Research AI Engineer,https://app.joinhandshake.com/jobs/10524669,Remote,$20–30/hr∙Part-time job,
10594095,2025-12-27 15:08:20,External,,Schneider Electric,Software Engineer Intern,https://app.joinhandshake.com/jobs/10594095,"Fort Collins, CO",$22–27/hr,
10548843,2025-12-27 15:08:22,External,,45Drives,Computer Science Intern,https://app.joinhandshake.com/jobs/10548843,"Wilmington, NC",$19/hr,
10593832,2025-12-27 15:08:24,Skipped,,"Sentient Digital, Inc.",Software Development 2026 Summer Intern,https://app.joinhandshake.com/jobs/10593832,"Warrenton, VA","$1,500–1,700/mo∙Internship∙May 24–Jul 30",
10323977,2025-12-27 15:08:27,Saved,"Cover Letter, Document Selector (search your cover letters)",RTM Vital Signs,Medical Device Machine Learning Intern,https://app.joinhandshake.com/jobs/10323977,"Philadelphia, PA",$18–26/hr,
10576741,2025-12-27 15:08:48,External,,IBM,SWE: Toward Autonomous Data Management with AI Intern 2026,https://app.joinhandshake.com/jobs/10576741,"Yorktown Heights, NY + 3",$78–144K/yr,
10561002,2025-12-27 15:08:51,External,,Shield AI,Systems Engineering Internship,https://app.joinhandshake.com/jobs/10561002,"Washington, DC",$37–55/hr,
10561112,2025-12-27 15:08:53,External,,Shield AI,Platform Engineering Intern (R4077),https://app.joinhandshake.com/jobs/10561112,"San Diego, CA",$40–61/hr,
10593811,2025-12-27 15:08:55,Skipped,,"Sentient Digital, Inc.",Electrical Engineering 2026 Summer Intern,https://app.joinhandshake.com/jobs/10593811,"Doylestown, PA",$18–24/hr∙Internship∙May 10–Aug 6,
10561689,2025-12-27 15:08:57,Saved,"Transcript, Document Selector (search your transcripts)",EasyTot,AI Automation Engineer (Customer Support & Email Marketing),https://app.joinhandshake.com/jobs/10561689,Remote,$20–30/hr,
10585946,2025-12-27 15:09:19,Skipped,,"E-Ring, Inc",AI/ML Engineer,https://app.joinhandshake.com/jobs/10585946,"Atlanta, GA",$15–200K/yr,
10557439,2025-12-27 15:09:22,APPLIED,Resume Only,AI Training Specialist,AI Training Specialist,https://app.joinhandshake.com/jobs/10557439,Remote,$15/hr,
10091345,2025-12-27 15:09:28,Saved,"Cover Letter, Transcript, Document Selector (search your transcripts)",Klick Capital LLC,Mobile App Developer Internship,https://app.joinhandshake.com/jobs/10091345,Remote,$40–50/hr∙Part-time job,
10560835,2025-12-27 15:09:50,External,,Economic Development Authority of Western Nevada (EDAWN),SNC - Data Science Intern,https://app.joinhandshake.com/jobs/10560835,"Reno, NV",$16.80–31/hr,
10384501,2025-12-27 15:09:52,Saved,"Questions (Checkbox/Radio), Questions (Text)",DoorDash,"Software Engineer, Intern (Summer 2026) - US",https://app.joinhandshake.com/jobs/10384501,"San Francisco, CA + 4",$50–60/hr,
10562658,2025-12-27 15:10:13,External,,Bath & Body Works,Application Developer Intern,https://app.joinhandshake.com/jobs/10562658,"Columbus, OH",$25/hr,
10542688,2025-12-27 15:10:16,External,,Oceanit 2026 Summer Internship,Oceanit 2026 Summer Internship,https://app.joinhandshake.com/jobs/10542688,"Honolulu, HI",$16–30/hr,
10550214,2025-12-27 15:10:18,External,,"Toshiba America Electronic Components, Inc.",R&D Servo Engineer Intern,https://app.joinhandshake.com/jobs/10550214,"San Jose, CA",$45–55/hr,
10570745,2025-12-27 15:10:20,External,,IBM,Software Developer Intern Lowell,https://app.joinhandshake.com/jobs/10570745,"Lowell, MA",$75–138K/yr,
10282875,2025-12-27 15:10:22,External,,Scale AI,Software Engineering Intern (Summer 2026),https://app.joinhandshake.com/jobs/10282875,,,
10323603,2025-12-27 15:10:25,External,,Sensata Technologies,IT (AI/ML) Intern - Summer 2026,https://app.joinhandshake.com/jobs/10323603,"Attleboro, MA",$25–32/hr,
9818904,2025-12-27 15:10:27,APPLIED,Resume Only,LERI,Backend Developer Intern,https://app.joinhandshake.com/jobs/9818904,Remote,$300/mo∙Internship∙Jul 1–Sep 29,
10576130,2025-12-27 15:10:33,External,,Corsair,Workstation & AI Systems Intern,https://app.joinhandshake.com/jobs/10576130,"Milpitas, CA",$30/hr,
10548035,2025-12-27 15:10:36,External,,TruPorch Homes,AI Operations & Automation Intern (GenAI & Real Estate Tech),https://app.joinhandshake.com/jobs/10548035,Remote,$1–5K/mo∙Internship∙Sep 14–Mar 12,
10537798,2025-12-27 15:10:38,No Button,,Shamrock Foods Company,"Summer 2026 - Data, AI & Analytics Intern",https://app.joinhandshake.com/jobs/10537798,"Phoenix, AZ",,
10573669,2025-12-27 15:10:40,External,,IBM,Software Developer Intern SVL,https://app.joinhandshake.com/jobs/10573669,"San Jose, CA",$90–166K/yr,
10320855,2025-12-27 15:10:42,APPLIED,Resume Only,X-Sigma,Software Developer Intern,https://app.joinhandshake.com/jobs/10320855,"Shanghai, China",$350–450/mo,
9989878,2025-12-27 15:10:49,APPLIED,Resume Only,Lexlabs AI,Data Science Intern,https://app.joinhandshake.com/jobs/9989878,Remote,$1–2K/mo,
10217141,2025-12-27 15:10:55,APPLIED,Resume Only,Pattern,Data Science Intern,https://app.joinhandshake.com/jobs/10217141,"Lehi, UT",$40–50K/yr∙Internship,
10248428,2025-12-27 15:11:05,APPLIED,Resume Only,Yall,Software Engineer,https://app.joinhandshake.com/jobs/10248428,"Dallas, TX + 3",$15–25/hr,
10204347,2025-12-27 15:11:18,Saved,"Cover Letter, Document Selector (search your cover letters)",Bravely,AI Product Development & Research Intern,https://app.joinhandshake.com/jobs/10204347,Remote,$20–30/hr,
10154940,2025-12-27 15:11:39,Saved,"Cover Letter, Document Selector (search your cover letters)",OnlyWorks,(Fall) Full Stack Software Engineer Intern,https://app.joinhandshake.com/jobs/10154940,"New York, NY + 1",$80–90K/yr∙Full-time job,
10543149,2025-12-27 15:12:00,APPLIED,Resume Only,PYE Education Center,AI Course Creation Intern,https://app.joinhandshake.com/jobs/10543149,Remote,,
10441136,2025-12-27 15:12:06,APPLIED,Resume Only,Sallie Mae,Microsoft Solutions Engineer Intern,https://app.joinhandshake.com/jobs/10441136,"Newark, DE",$17–22/hr∙Internship∙Dec 31–Mar 30,
10025942,2025-12-27 15:12:13,APPLIED,Resume Only,"Manatal Co., Ltd.",Software Engineering (Fullstack) Internship (Relocate to Bangkok),https://app.joinhandshake.com/jobs/10025942,"Bangkok, Thailand",$368–614/mo,
10181765,2025-12-27 15:12:19,External,,MIT Lincoln Laboratory,MIT Lincoln Laboratory -  Summer Internships,https://app.joinhandshake.com/jobs/10181765,"Lexington, MA",$24–43/hr,
10071184,2025-12-27 15:12:22,APPLIED,Resume Only,AI Developer,AI Developer,https://app.joinhandshake.com/jobs/10071184,Remote,$20–25/hr,
10092830,2025-12-27 15:12:28,External,,Palantir Technologies,"Software Engineer, Internship - NY",https://app.joinhandshake.com/jobs/10092830,"New York, NY",$10K/mo,
10562929,2025-12-27 15:12:30,External,,Port Authority of NY & NJ,"(#oSI0yfwS) Summer Intern, Software Technology",https://app.joinhandshake.com/jobs/10562929,"Newark, NJ",$18.07–27.89/hr,
10230785,2025-12-27 15:12:33,External,,DriveTime Family of Brands,Software Engineer Intern (Summer 2024),https://app.joinhandshake.com/jobs/10230785,"Tempe, AZ",$9K+/mo∙Internship∙May 31–Dec 17,
10361691,2025-12-27 15:12:35,External,,GoFundMe,Data & Analytics Intern ,https://app.joinhandshake.com/jobs/10361691,"San Francisco, CA + 1",$35/hr,
10243066,2025-12-27 15:12:37,External,,The Voleon Group,Software Engineer Intern - (Summer 2026),https://app.joinhandshake.com/jobs/10243066,"Berkeley, CA",$9K per month or more,
10269238,2025-12-27 15:13:02,External,,Software Engineering Internship,Software Engineering Internship,https://app.joinhandshake.com/jobs/10269238,"Dallas, TX",$25–45/hr∙Internship∙Aug 31–Dec 18,
10312347,2025-12-27 15:13:05,External,,Software Engineer Intern,Software Engineer Intern,https://app.joinhandshake.com/jobs/10312347,"St. Louis, MO",$20–30/hr,
10118151,2025-12-27 15:13:07,External,,Jane Street,Software Engineer - 2026 Summer Internship,https://app.joinhandshake.com/jobs/10118151,"New York, NY",$300K/yr,
10357814,2025-12-27 15:13:32,External,,Garner Health,Full-Stack Engineering Intern,https://app.joinhandshake.com/jobs/10357814,"New York, NY",$100–120K/yr,
10577945,2025-12-27 15:13:35,External,,Allen Institute,ASPIRE Intern – Brain Science: Software Engineering - High-Throughput Data Ingest in the Brain Knowledge Platform,https://app.joinhandshake.com/jobs/10577945,"Seattle, WA",$61K/yr,
10263320,2025-12-27 15:13:37,External,,Pella Corporation,Software Engineer Intern - Summer 2026,https://app.joinhandshake.com/jobs/10263320,"Pella, IA",$20–30/hr,
10577643,2025-12-27 15:13:39,External,,IBM,Developer Advocacy & AI Engineer Intern: 2026,https://app.joinhandshake.com/jobs/10577643,"Yorktown Heights, NY + 3",$78–144K/yr,
10562977,2025-12-27 15:13:41,External,,CVS Health,"InnoTech Data, Experience & Product Internship (Undergraduate) - Summer 2026",https://app.joinhandshake.com/jobs/10562977,"Irving, TX + 4",$28/hr,
10585120,2025-12-27 15:13:44,External,,Delaware River Port Authority and PATCO,Paid Engineering Internship for Summer 2026,https://app.joinhandshake.com/jobs/10585120,"Philadelphia, PA + 1",$23/hr,
10138067,2025-12-27 15:13:46,External,,TikTok Inc.,Machine Learning Engineer Intern - TikTok Search Local Services team - 2026 Summer (BS/MS),https://app.joinhandshake.com/jobs/10138067,"San Jose, CA",$45–60/hr,
10366441,2025-12-27 15:13:49,Skipped,,GoFundMe,Frontend Software Engineering Intern ,https://app.joinhandshake.com/jobs/10366441,"San Francisco, CA",$35/hr,
10512026,2025-12-27 15:13:51,External,,Roman Health Ventures (Ro),Backend Engineering Fellow - Summer 2026,https://app.joinhandshake.com/jobs/10512026,"New York, NY",$45/hr,
10269447,2025-12-27 15:14:16,External,,VanEck,AI/ML Researcher Intern,https://app.joinhandshake.com/jobs/10269447,"New York, NY",$25–32/hr,
10291464,2025-12-27 15:14:19,External,,Yamaha Corporation,"Software Engineering Intern, Summer 2026",https://app.joinhandshake.com/jobs/10291464,"浜松市, Shizuoka",$48/hr∙Internship∙May 10–Aug 13,
10502370,2025-12-27 15:14:21,External,,Citi,"Technology, Application Development, Summer Analyst, New York/New Jersey - USA, 2026",https://app.joinhandshake.com/jobs/10502370,"New York, NY + 1",$80–110K/yr,
10573297,2025-12-27 15:14:23,External,,Isuzu North America Corporation,AI & Autonomous Intern,https://app.joinhandshake.com/jobs/10573297,"Plymouth, MI",$20–30/hr,
10588120,2025-12-27 15:14:49,External,,"Chesapeake Research Consortium, Inc.",Computer Science Internship,https://app.joinhandshake.com/jobs/10588120,"Annapolis, MD","$6,500/yr",
10276288,2025-12-27 15:15:37,Skipped,,Cboe,"Machine Learning Intern, Regulatory",https://app.joinhandshake.com/jobs/10276288,"Chicago, IL",$25–36/hr,
10281746,2025-12-27 15:15:39,External,,Vertiv,Software Engineering Internship (Summer 2026),https://app.joinhandshake.com/jobs/10281746,"Delaware, OH",$42/hr∙Internship∙May 31–Aug 20,
10209807,2025-12-27 15:15:42,Skipped,,Newrez,2026 Summer Internship - Software Engineering,https://app.joinhandshake.com/jobs/10209807,"Coppell, TX",$20–40/hr∙Internship∙May 17–Sep 10,
10596548,2025-12-27 15:15:44,No Button,,Skylark Labs,Part-Time Hands-On Robotics Builder (Paid),https://app.joinhandshake.com/jobs/10596548,"Menlo Park, CA",$15–20/hr,
10251171,2025-12-27 15:15:46,External,,GP Fund Solutions,Computer Science Intern - Summer 2026,https://app.joinhandshake.com/jobs/10251171,"Latham, NY",$18/hr,
10509016,2025-12-27 15:15:49,Skipped,,Trane Technologies,Controls Software Test Intern,https://app.joinhandshake.com/jobs/10509016,"Clarksville, TN",$15–30/yr,
10564679,2025-12-27 15:15:51,External,,Draper,"GN&C Modeling, Simulation and Analysis Summer Intern",https://app.joinhandshake.com/jobs/10564679,"Cambridge, MA",$28–40/hr,
10574480,2025-12-27 15:15:54,APPLIED,Resume Only,Liba Space,Data Engineer Intern,https://app.joinhandshake.com/jobs/10574480,Remote,$18/hr∙Internship∙Jun 1–Aug 20,
10546755,2025-12-27 15:16:23,Saved,"Other Docs, Document Selector (search your other documents)",BrainMind,Mind Science Fellowship Program,https://app.joinhandshake.com/jobs/10546755,"Menlo Park, CA",$32.28/hr∙Full-time job,
10418540,2025-12-27 15:16:48,Saved,"Cover Letter, Document Selector (search your cover letters)",Token Metrics,QA Engineer Internship (Unpaid),https://app.joinhandshake.com/jobs/10418540,Remote,$1–5K/mo∙Internship∙Sep 14–Mar 12,
10582672,2025-12-27 15:17:09,External,,EchoStar,Product Innovation Intern,https://app.joinhandshake.com/jobs/10582672,"Littleton, CO",$18–30/hr,
10070168,2025-12-27 15:17:12,Skipped,,Reality Defender,Applied Scientist Intern (Audio),https://app.joinhandshake.com/jobs/10070168,Remote,$5–6K/mo,
10546681,2025-12-27 15:21:43,Saved,"Cover Letter, Document Selector (search your cover letters)",Blueberries,ML/AI and Data Engineer,https://app.joinhandshake.com/jobs/10546681,Remote,$65–130K/yr∙Full-time job,
10503809,2025-12-27 15:21:50,Failed,Click Intercepted Loop,Handshake AI,AI Trainer (No experience required),https://app.joinhandshake.com/jobs/10503809,Remote,$65–130K/yr∙Full-time job,
10538698,2025-12-27 15:22:00,Saved,"Cover Letter, Document Selector (search your cover letters)",Thrive Entertainment,AI Startup Intern,https://app.joinhandshake.com/jobs/10538698,Remote,$250/yr,
10577580,2025-12-27 15:22:06,Failed,Click Intercepted Loop,Equity Union Real Estate,AI Programming & Engineering,https://app.joinhandshake.com/jobs/10577580,"Remote or Sherman Oaks, CA",$250/yr,
10580876,2025-12-27 15:22:16,Saved,"Cover Letter, Document Selector (search your cover letters)",Qidds Inc.,Full Stack AI Developer,https://app.joinhandshake.com/jobs/10580876,Remote,$15–20/hr,
10584066,2025-12-27 15:22:22,Failed,Click Intercepted Loop,Julius Education,Spring 2026 Agentic AI Intern,https://app.joinhandshake.com/jobs/10584066,"Remote or New York, NY",$15–20/hr,
10595527,2025-12-27 15:22:32,Saved,"Transcript, Document Selector (search your transcripts)","Entorno Law, LLP",Artificial Intelligence Intern,https://app.joinhandshake.com/jobs/10595527,Remote,$60–70K/yr∙Fellowship∙Jan 4–Feb 9,
10537821,2025-12-27 15:22:38,Failed,Click Intercepted Loop,SailPoint,Product Management Intern,https://app.joinhandshake.com/jobs/10537821,"Remote or Austin, TX",$60–70K/yr∙Fellowship∙Jan 4–Feb 9,
10070177,2025-12-27 15:22:47,APPLIED,Resume Only,Reality Defender,Computer Vision Intern,https://app.joinhandshake.com/jobs/10070177,Remote,$5–6K/mo,
10203802,2025-12-27 15:22:54,Saved,"Cover Letter, Document Selector (search your cover letters)",Bilin Technology,AI Agent Development Intern,https://app.joinhandshake.com/jobs/10203802,Remote,$15–20/hr,
10589154,2025-12-27 15:23:00,Failed,Click Intercepted Loop,"Engage, The Foundation",AI Automations Activator,https://app.joinhandshake.com/jobs/10589154,Remote,$15–20/hr,
10300873,2025-12-27 15:23:09,Saved,"Cover Letter, Transcript, Document Selector (search your transcripts)",Clean Community Inc,Software Developer Intern(paid/remote),https://app.joinhandshake.com/jobs/10300873,Remote,$15/hr,
10581215,2025-12-28 19:14:21,Failed,Click Intercepted Loop,MyStage,Blockchain Data Engineer,https://app.joinhandshake.com/jobs/10581215,Remote,$1–500/mo,
10511376,2025-12-28 19:14:30,Saved,"Cover Letter, Document Selector (search your cover letters)",Coach Kee's 360 Training,IT Intern (Website & SEO Support),https://app.joinhandshake.com/jobs/10511376,Remote,$1–500/mo,
10552641,2025-12-28 19:14:36,Failed,Click Intercepted Loop,Opportunity Knocks,Quality Assurance Intern,https://app.joinhandshake.com/jobs/10552641,Remote,$1–500/mo,
10537707,2025-12-28 19:14:46,APPLIED,Resume Only,Malibu Rebuild Task Force,Engineering Research Intern,https://app.joinhandshake.com/jobs/10537707,Remote,$20–30/hr,
10039237,2025-12-28 19:14:53,APPLIED,Resume Only,Uptaco NYC,Biz Automation-Ops Intern,https://app.joinhandshake.com/jobs/10039237,Remote,$15–20/hr,
10538412,2025-12-28 19:14:59,Saved,"Cover Letter, Transcript, Document Selector (search your transcripts)",PayrAdvisors Consulting Group,Healthcare Consulting Intern,https://app.joinhandshake.com/jobs/10538412,Remote,$15–22/hr,
10040169,2025-12-28 19:15:05,Failed,Click Intercepted Loop,OMEDZA,Software Quality Assurance (QA) Tester Intern – Remote,https://app.joinhandshake.com/jobs/10040169,Remote,$15–22/hr,
10115599,2025-12-28 19:15:15,Saved,"Other Docs, Document Selector (search your other documents)",Dollar Donation Club,AI Workflow Optimization Intern,https://app.joinhandshake.com/jobs/10115599,"Remote or Austin, TX",$1K/mo,
10581191,2025-12-28 19:15:19,External,,Acarin Inc,Data Scientist Intern,https://app.joinhandshake.com/jobs/10581191,"Remote or Columbia, MD",$16–30/hr,
9851560,2025-12-28 19:15:21,APPLIED,Resume Only,Task Athena,"AI/Software Engineering Intern – React, Automation, LLMs (Remote + Project-Based Pay)",https://app.joinhandshake.com/jobs/9851560,Remote,$1–5K/mo∙Internship∙Sep 14–Mar 12,
10031968,2025-12-28 19:15:28,APPLIED,Resume Only,"Clinpharma Clinical Research, LLC",Java Full Stack AWS Intern,https://app.joinhandshake.com/jobs/10031968,"Remote or Piscataway, NJ + 2",$10–15/hr,
10553046,2025-12-28 19:15:34,APPLIED,Resume Only,Fastrobo,Sales Development Intern,https://app.joinhandshake.com/jobs/10553046,"Remote or San Francisco, CA",$30–40/hr,
10087313,2025-12-28 19:15:40,APPLIED,Resume Only,Nexio Tutoring,Website Development Intern,https://app.joinhandshake.com/jobs/10087313,Remote,$10–15/hr,
10349889,2025-12-28 19:15:47,External,,Injobnito,Strategy And Analytics Intern (Summer 2026),https://app.joinhandshake.com/jobs/10349889,Remote,$20–30/hr,
10298449,2025-12-28 19:15:49,External,,"Classavo (interactiveX, Inc.)",Software Developer Intern,https://app.joinhandshake.com/jobs/10298449,"Remote or Buffalo, NY",$15–20/hr,
10025667,2025-12-28 19:15:51,APPLIED,Resume Only,"Clinpharma Clinical Research, LLC",Java Full Stack Software Development Intern,https://app.joinhandshake.com/jobs/10025667,"Remote or Wilmington, DE + 1",$10–15/hr,
9699888,2025-12-28 19:15:58,APPLIED,Resume Only,MyMicrojourney,Software Engineer,https://app.joinhandshake.com/jobs/9699888,Remote,$30–60/hr∙Full-time job,
10591221,2025-12-28 19:16:04,External,,"Lewis & Ellis, Inc.",Summer 2026 Actuarial Intern - Property and Casualty - Remote,https://app.joinhandshake.com/jobs/10591221,Remote,$20–25/hr,
10552657,2025-12-28 19:16:07,Saved,"Cover Letter, Other Docs, Document Selector (search your other documents)",Unstuck Engine,UI Design Intern,https://app.joinhandshake.com/jobs/10552657,Remote,$15–20/hr∙Internship∙Dec 21–Jan 29,
10574729,2025-12-28 19:34:38,APPLIED,Resume Only,IT-Harvest,Data Entry & Sales Intern,https://app.joinhandshake.com/jobs/10574729,Remote,$440/mo,
10570466,2025-12-28 19:34:47,APPLIED,Resume Only,TekLink International,Analytics and Planning Consulting Internship,https://app.joinhandshake.com/jobs/10570466,Remote,$15/hr,
10228493,2025-12-28 19:34:54,Saved,"Other Docs, Document Selector (search your other documents)",CommitAI,Tech Lead - Internship/ Consultant (AI/ML + Mobile Apps),https://app.joinhandshake.com/jobs/10228493,Remote,$500/mo,
10035134,2025-12-28 19:34:58,Failed,Click Intercepted Loop,CommitAI,Backend Dev,https://app.joinhandshake.com/jobs/10035134,Remote,$500/mo,
10564652,2025-12-28 19:35:09,APPLIED,Resume Only,MARION MANUFACTURING,IT Support Intern,https://app.joinhandshake.com/jobs/10564652,"Remote or West Terre Haute, IN",$15–21/hr,
10558139,2025-12-28 19:35:17,Saved,"Cover Letter, Transcript, Document Selector (search your transcripts)",Growth Valley Community,Intern Program Management,https://app.joinhandshake.com/jobs/10558139,Remote,$30–40/hr,
10574445,2025-12-28 19:35:31,APPLIED,Resume Only,100MilesofSummer,App Developer,https://app.joinhandshake.com/jobs/10574445,Remote,$40–50/hr∙Part-time job,
10270155,2025-12-28 19:35:39,APPLIED,Resume Only,Talent Strategy Experts,Software Development Intern,https://app.joinhandshake.com/jobs/10270155,Remote,$10–15/hr,
10550514,2025-12-28 19:35:47,APPLIED,Resume Only,MyStage,Blockchain Software Architect,https://app.joinhandshake.com/jobs/10550514,Remote,$20–30/hr,
10548440,2025-12-28 19:35:55,APPLIED,Resume Only,Mercury Insurance Group,Graduate Program  Data Science,https://app.joinhandshake.com/jobs/10548440,Remote,$80–90K/yr,
10227477,2025-12-28 19:36:02,Skipped,,MyDataProduct,QA Engineering Intern,https://app.joinhandshake.com/jobs/10227477,Remote,$1–5K/mo,
9975275,2025-12-28 19:36:05,External,,Root Insurance,2026 Summer - Data Science Intern,https://app.joinhandshake.com/jobs/9975275,Remote,$45/hr,
10552619,2025-12-28 19:36:07,APPLIED,Resume Only,Shepherd Ventures,Financial Quant Internship (F),https://app.joinhandshake.com/jobs/10552619,Remote,$9K+/mo∙Internship∙May 25–Aug 6,
10593030,2025-12-28 19:36:15,External,,Eagle River Water and Sanitation District,Microsoft Power Platform & Automation Intern,https://app.joinhandshake.com/jobs/10593030,Remote,$23.96–39.55/hr,
10549284,2025-12-28 19:36:17,APPLIED,Resume Only,Mercury Insurance Group,Data Engineering Graduate Development Program,https://app.joinhandshake.com/jobs/10549284,Remote,$80–90K/yr,
10570624,2025-12-28 19:36:25,APPLIED,Resume Only,Digital Media Academy,Business Development Intern (Remote),https://app.joinhandshake.com/jobs/10570624,Remote,$15–30/hr,
10538186,2025-12-28 19:36:33,External,,EHS Support LLC,2026 Summer Internship,https://app.joinhandshake.com/jobs/10538186,Remote,$25/hr,
10040888,2025-12-28 19:36:35,APPLIED,Resume Only,Chapter One,Software Engineering Internship Fall 2025,https://app.joinhandshake.com/jobs/10040888,Remote,$500/mo,
10596571,2025-12-28 19:36:43,Saved,"Transcript, Document Selector (search your transcripts)","MEMX, LLC",Information Security Intern Spring 2026,https://app.joinhandshake.com/jobs/10596571,"Remote or New York, NY + 1",$30/hr,
10574698,2025-12-28 19:36:48,Saved,"Cover Letter, Document Selector (search your cover letters)",Macaw Security,Product Marketing Manager Internship,https://app.joinhandshake.com/jobs/10574698,Remote,$15–20/hr,
10325231,2025-12-28 19:37:01,APPLIED,Resume Only,Inventa B-Corp,Data Analysis & Business Ops Ninja,https://app.joinhandshake.com/jobs/10325231,Remote,$30/hr∙Internship∙May 17–Aug 13,
10574603,2025-12-28 19:37:08,Saved,"Cover Letter, Document Selector (search your cover letters)",Kingdom Culture Agency,Web Designer Intern,https://app.joinhandshake.com/jobs/10574603,"Remote or Nashville, TN",$20–30/hr∙Part-time job∙Aug 15–Aug 16,
10595855,2025-12-28 19:37:13,Saved,"Cover Letter, Transcript, Document Selector (search your transcripts)",Korea Search Investment Partners LLC,Private Equity Intern,https://app.joinhandshake.com/jobs/10595855,Remote,,
10546079,2025-12-28 19:37:17,Saved,"Cover Letter, Document Selector (search your cover letters)",Brait Capital,Commercial Real Estate Intern,https://app.joinhandshake.com/jobs/10546079,Remote,$18–22/hr∙Internship,
10568190,2025-12-28 19:37:22,APPLIED,Resume Only,Claro Advisors,Business Development Intern,https://app.joinhandshake.com/jobs/10568190,Remote,$10–15/hr,
10587613,2025-12-28 19:37:29,APPLIED,Resume Only,Infantry Sports,Business Management Intern,https://app.joinhandshake.com/jobs/10587613,Remote,$15–20/hr,
10561144,2025-12-28 19:37:37,APPLIED,Resume Only,BuySide Studio,BuySide Studio Fellowship Program - Private Equity / Venture Capital,https://app.joinhandshake.com/jobs/10561144,Remote,$1–2K/mo,
10239555,2025-12-28 19:37:45,APPLIED,Resume Only,The Quant Edge,Part time full stack developer,https://app.joinhandshake.com/jobs/10239555,Remote,$15–20/hr,
10576084,2025-12-28 19:37:53,Saved,"Transcript, Document Selector (search your transcripts)",Ivorie,Growth Marketing Intern,https://app.joinhandshake.com/jobs/10576084,Remote,,
9663461,2025-12-28 19:37:58,Saved,"Transcript, Document Selector (search your transcripts)",Legal AI Research Development Internship,Legal AI Research Development Internship,https://app.joinhandshake.com/jobs/9663461,Remote,$1–2K/mo,
10499158,2025-12-28 19:38:02,APPLIED,Resume Only,"Mercer HR Services, LLC",Compensation Data Management Intern,https://app.joinhandshake.com/jobs/10499158,Remote,$15–20/hr,
10221790,2025-12-28 19:38:10,APPLIED,Resume Only,Crosstempo,Technical Integrator Internship,https://app.joinhandshake.com/jobs/10221790,Remote,$1–6K/mo,
10257867,2025-12-28 19:38:28,External,,ServiceNow,UTG - Software Engineer Internships - Summer 2026,https://app.joinhandshake.com/jobs/10257867,"Remote or Santa Clara, CA + 1",$40–50/hr,
10597328,2025-12-28 19:38:30,External,,Next Play Games,Startup Finance Internship,https://app.joinhandshake.com/jobs/10597328,Remote,$20–35/hr∙Internship,
10532079,2025-12-28 19:38:41,Failed,Click Intercepted Loop,Energy Solutions,Energy Solutions Summer 2026 Internships,https://app.joinhandshake.com/jobs/10532079,Remote,$25–50/hr,
10578344,2025-12-28 19:39:02,Failed,Click Intercepted Loop,R.L. Baxter Building Corp.,Real Estate Development Intern,https://app.joinhandshake.com/jobs/10578344,Remote,$25–50/hr,
10586814,2025-12-28 19:39:22,Failed,Click Intercepted Loop,Julius Education,Spring Analyst Internship,https://app.joinhandshake.com/jobs/10586814,"Remote or New York, NY",$25–50/hr,
10035023,2025-12-28 19:39:42,Failed,Click Intercepted Loop,iOS Developer,iOS Developer,https://app.joinhandshake.com/jobs/10035023,Remote,$25–50/hr,
10536503,2025-12-28 19:40:03,Failed,Click Intercepted Loop,Notate Flow,Emotional Speech Research Assistant,https://app.joinhandshake.com/jobs/10536503,Remote,$25–50/hr,
10031962,2025-12-28 19:40:23,Failed,Click Intercepted Loop,"Clinpharma Clinical Research, LLC",Physics Engineering Intern,https://app.joinhandshake.com/jobs/10031962,"Remote or Princeton, NJ",$25–50/hr,
10582810,2025-12-28 19:40:44,Failed,Click Intercepted Loop,Pearl Lemon,Bug Tester (QA Tester),https://app.joinhandshake.com/jobs/10582810,Remote,$25–50/hr,
10201002,2025-12-28 19:41:04,Failed,Click Intercepted Loop,"Startup Growth Hacker (AI, Creator Economy)","Startup Growth Hacker (AI, Creator Economy)",https://app.joinhandshake.com/jobs/10201002,Remote,$25–50/hr,
10182146,2025-12-28 19:41:24,Failed,Click Intercepted Loop,Gladiator Enterprises,Research & Data Analyst Intern,https://app.joinhandshake.com/jobs/10182146,"Remote or Washington, DC + 7",$25–50/hr,
10548723,2025-12-28 19:41:45,Failed,Click Intercepted Loop,Atidot,Content Marketing Intern,https://app.joinhandshake.com/jobs/10548723,Remote,$25–50/hr,
10545188,2025-12-28 19:42:05,Failed,Click Intercepted Loop,Attention,Nonprofit Intern,https://app.joinhandshake.com/jobs/10545188,Remote,$25–50/hr,
10483211,2025-12-28 19:42:25,Failed,Click Intercepted Loop,fAIshion Inc,AI Stylist App Developer- fullstack only,https://app.joinhandshake.com/jobs/10483211,Remote,$25–50/hr,
10537789,2025-12-28 19:42:46,Failed,Click Intercepted Loop,Black Fortitude Consulting,Government Contracting & Business Development Intern,https://app.joinhandshake.com/jobs/10537789,Remote,$25–50/hr,
10037390,2025-12-28 19:43:08,Failed,Click Intercepted Loop,Leyo,Founding Software Engineer Intern (Voice AI & Language Learning),https://app.joinhandshake.com/jobs/10037390,"Remote or San Francisco, CA + 1",$25–50/hr,
10568396,2025-12-28 19:43:27,External,,VSC,Remote: Public Relations Intern,https://app.joinhandshake.com/jobs/10568396,Remote,$25/hr,
10069566,2025-12-28 19:43:29,Skipped,,Shepherd Ventures,Financial Quantitative Analyst (E),https://app.joinhandshake.com/jobs/10069566,Remote,$25K/mo∙Internship∙May 31–Aug 30,
10570888,2025-12-28 19:43:32,External,,Social Science Research Internship,Social Science Research Internship,https://app.joinhandshake.com/jobs/10570888,Remote,$20–30/hr,
10411059,2025-12-28 19:43:43,Failed,Click Intercepted Loop,Linksome,AI Product Manager Intern (Remote Accepted),https://app.joinhandshake.com/jobs/10411059,"Remote or Shenzhen Shi, Guangdong",$15–25/hr,
10446511,2025-12-28 19:44:04,Failed,Click Intercepted Loop,Lincoln Financial,Financial Reporting Intern (June 2026),https://app.joinhandshake.com/jobs/10446511,"Remote or Radnor, PA + 1",$15–25/hr,
10574770,2025-12-28 19:44:24,Failed,Click Intercepted Loop,Blue Voice,Operations Intern,https://app.joinhandshake.com/jobs/10574770,Remote,$15–25/hr,
10575940,2025-12-28 19:44:45,Failed,Click Intercepted Loop,Outset,Social Media Internship,https://app.joinhandshake.com/jobs/10575940,Remote,$15–25/hr,
10592988,2025-12-28 19:45:05,Failed,Click Intercepted Loop,Policy Intern,Policy Intern,https://app.joinhandshake.com/jobs/10592988,Remote,$15–25/hr,
10311966,2025-12-28 19:45:26,Failed,Click Intercepted Loop,Hightainment Corporation,Campus Ambassador,https://app.joinhandshake.com/jobs/10311966,"Remote or New York, NY",$15–25/hr,
10561809,2025-12-28 19:45:46,Failed,Click Intercepted Loop,Resilient Cognitive Solutions,Associate Cognitive Systems Engineer (Internship),https://app.joinhandshake.com/jobs/10561809,"Remote or Pittsburgh, PA",$15–25/hr,
10579777,2025-12-28 19:46:07,Failed,Click Intercepted Loop,Velvet and Iron LLC,Digital Marketing Intern,https://app.joinhandshake.com/jobs/10579777,Remote,$15–25/hr,
10591567,2025-12-28 19:46:27,Failed,Click Intercepted Loop,ArchitectNow,Software Engineer Intern,https://app.joinhandshake.com/jobs/10591567,Remote,$15–25/hr,
9681059,2025-12-28 19:46:48,Failed,Click Intercepted Loop,Inventa B-Corp,Product Engineering Gladiators,https://app.joinhandshake.com/jobs/9681059,Remote,$15–25/hr,
10154858,2025-12-28 19:47:08,Failed,Click Intercepted Loop,Conocer Digital Holdings,"Marketing, Operations and Tech/AI Interns for Startup in Media",https://app.joinhandshake.com/jobs/10154858,Remote,$15–25/hr,
10288209,2025-12-28 19:47:28,Failed,Click Intercepted Loop,Web Designer,Web Designer,https://app.joinhandshake.com/jobs/10288209,Remote,$15–25/hr,
10576441,2025-12-28 19:47:49,Failed,Click Intercepted Loop,"CrowdStrike, Inc.",Malware Triage Intern - Summer 2026 (Remote),https://app.joinhandshake.com/jobs/10576441,Remote,$15–25/hr,
10581659,2025-12-28 19:48:09,Failed,Click Intercepted Loop,Born This Way Foundation,Research Intern,https://app.joinhandshake.com/jobs/10581659,Remote,$15–25/hr,
10194974,2025-12-28 19:48:30,Failed,Click Intercepted Loop,IBSS,Software Engineering and Research Intern,https://app.joinhandshake.com/jobs/10194974,Remote,$15–25/hr,
10100696,2025-12-28 19:48:50,Failed,Click Intercepted Loop,GOALOOP - Connecting the World through Goals®,Software Developer + AI Intern,https://app.joinhandshake.com/jobs/10100696,"Remote or New York, NY",$15–25/hr,
10558614,2025-12-28 19:49:10,Failed,Click Intercepted Loop,"University of Washington, Harborview Injury Prevention & Research Center",INSIGHT Research Intern - Summer 2026,https://app.joinhandshake.com/jobs/10558614,Remote,$15–25/hr,
10037876,2025-12-28 19:49:31,Failed,Click Intercepted Loop,Next Play Games,Software Engineer Internship,https://app.joinhandshake.com/jobs/10037876,Remote,$15–25/hr,
10531399,2025-12-28 19:49:52,Failed,Click Intercepted Loop,Wix Web Design Intern,Wix Web Design Intern,https://app.joinhandshake.com/jobs/10531399,Remote,$15–25/hr,
10539798,2025-12-28 19:50:14,Failed,Click Intercepted Loop,Larson International Group,Business Development Analyst,https://app.joinhandshake.com/jobs/10539798,"Remote or New York, NY",$15–25/hr,
10261865,2025-12-28 19:50:33,External,,Atlassian,"Data Engineer Intern, 2026 Summer U.S.",https://app.joinhandshake.com/jobs/10261865,"Remote or Seattle, WA",$43–58/hr,
10547366,2025-12-28 19:50:45,Failed,Click Intercepted Loop,Marketing Intern,Marketing Intern,https://app.joinhandshake.com/jobs/10547366,Remote,$1K/yr,
10597278,2025-12-28 19:51:05,Failed,Click Intercepted Loop,Serable LLC,Recruitment Intern,https://app.joinhandshake.com/jobs/10597278,Remote,$1K/yr,
10591630,2025-12-28 19:51:26,Failed,Click Intercepted Loop,Rkube LLC,iOS App Developer,https://app.joinhandshake.com/jobs/10591630,Remote,$1K/yr,
10087265,2025-12-28 19:51:46,Failed,Click Intercepted Loop,Intelligence Cubed,"PhD / Researcher Fellowship, AI, Machine Learning",https://app.joinhandshake.com/jobs/10087265,Remote,$1K/yr,
10073863,2025-12-28 19:52:06,Failed,Click Intercepted Loop,Arctex Inc.,Backend Engineer Intern (Fall),https://app.joinhandshake.com/jobs/10073863,Remote,$1K/yr,
10277694,2025-12-28 19:52:27,Failed,Click Intercepted Loop,Modeling and Simulation using Vensim,Modeling and Simulation using Vensim ,https://app.joinhandshake.com/jobs/10277694,Remote,$1K/yr,
10422532,2025-12-28 19:52:47,Failed,Click Intercepted Loop,United States Steel Corporation,IT Intern,https://app.joinhandshake.com/jobs/10422532,"Remote or Pittsburgh, PA",$1K/yr,
10438655,2025-12-28 19:53:08,Failed,Click Intercepted Loop,VoteHub,Data Analytics Intern (Summer 2026),https://app.joinhandshake.com/jobs/10438655,Remote,$1K/yr,
10300503,2025-12-28 19:53:28,Failed,Click Intercepted Loop,AnnexBox,Digital Marketing Developer,https://app.joinhandshake.com/jobs/10300503,Remote,$1K/yr,
10525565,2025-12-28 19:53:49,Failed,Click Intercepted Loop,Plot Party AI,AI Video Creation Platform - Social Media Intern,https://app.joinhandshake.com/jobs/10525565,"Remote or San Francisco, CA",$1K/yr,
10562128,2025-12-28 19:54:10,Failed,Click Intercepted Loop,HOF Capital,Growth Investment Spring Analyst,https://app.joinhandshake.com/jobs/10562128,"Remote or New York, NY",$1K/yr,
10577496,2025-12-28 19:54:30,Failed,Click Intercepted Loop,University of Phoenix,Internal Audit Summer 2026 Internship,https://app.joinhandshake.com/jobs/10577496,Remote,$1K/yr,
10542584,2025-12-28 19:54:51,Failed,Click Intercepted Loop,Product Design CAD Intern,Product Design CAD Intern,https://app.joinhandshake.com/jobs/10542584,"Remote or Sparks, NV",$1K/yr,
10126927,2025-12-28 19:55:12,Failed,Click Intercepted Loop,"Like Media, Inc.",Digital Marketing SEO Intern,https://app.joinhandshake.com/jobs/10126927,Remote,$1K/yr,
10554840,2025-12-28 19:55:32,Failed,Click Intercepted Loop,New America,build4good summer intern-mentorship program,https://app.joinhandshake.com/jobs/10554840,"Remote or Washington, DC",$1K/yr,
10538985,2025-12-28 19:55:53,Failed,Click Intercepted Loop,Lucky Hands,Marketing Intern,https://app.joinhandshake.com/jobs/10538985,Remote,$1K/yr,
10035222,2025-12-28 19:56:14,Failed,Click Intercepted Loop,ABLE Platform,Business Development Intern,https://app.joinhandshake.com/jobs/10035222,Remote,$1K/yr,
10535715,2025-12-28 19:56:34,Failed,Click Intercepted Loop,Babel Institute,External Affairs Intern (Paid),https://app.joinhandshake.com/jobs/10535715,Remote,$1K/yr,
10315852,2025-12-28 19:56:54,Failed,Click Intercepted Loop,"UTRS, Inc.",Tableau Dashboard Design Intern,https://app.joinhandshake.com/jobs/10315852,Remote,$1K/yr,
10296716,2025-12-28 19:57:15,Failed,Click Intercepted Loop,Abacus Insights,Post-Grad Data Engineer,https://app.joinhandshake.com/jobs/10296716,Remote,$1K/yr,
10587804,2025-12-28 19:57:35,Failed,Click Intercepted Loop,Nuggy.io,UI/UX Product Designer,https://app.joinhandshake.com/jobs/10587804,Remote,$1K/yr,
10071971,2025-12-28 19:57:57,Failed,Click Intercepted Loop,Market Research Intern,Market Research Intern,https://app.joinhandshake.com/jobs/10071971,Remote,$1K/yr,
10449703,2025-12-28 19:58:17,External,,ServiceNow,Digital Technology (DT) - Associate Data Informatics Analyst Intern ,https://app.joinhandshake.com/jobs/10449703,"Remote or Santa Clara, CA",$40.87/hr,
10563658,2025-12-28 19:58:28,Failed,Click Intercepted Loop,"Measures, Inc",iOS Engineer - Intern,https://app.joinhandshake.com/jobs/10563658,Remote,$15–20/hr,
10536927,2025-12-28 19:58:49,Failed,Click Intercepted Loop,Revolving Door Project,Winter/Spring Research Intern (Revolving Door Project),https://app.joinhandshake.com/jobs/10536927,Remote,$15–20/hr,
10591588,2025-12-28 19:59:09,Failed,Click Intercepted Loop,ArchitectNow,Marketing Intern,https://app.joinhandshake.com/jobs/10591588,"Remote or St. Louis, MO",$15–20/hr,
10558864,2025-12-28 19:59:29,Failed,Click Intercepted Loop,Cyber Civics LLC,Digital Marketing and Content Intern,https://app.joinhandshake.com/jobs/10558864,Remote,$15–20/hr,
9785327,2025-12-28 19:59:50,Failed,Click Intercepted Loop,Sales Intern,Sales Intern,https://app.joinhandshake.com/jobs/9785327,Remote,$15–20/hr,
10042380,2025-12-28 20:00:10,Failed,Click Intercepted Loop,Marketing Intern-Content Creator,Marketing Intern-Content Creator,https://app.joinhandshake.com/jobs/10042380,Remote,$15–20/hr,
10266498,2025-12-28 20:00:31,Failed,Click Intercepted Loop,Atlassian,"Associate Product Management Intern, Summer 2026 U.S.",https://app.joinhandshake.com/jobs/10266498,"Remote or San Francisco, CA",$15–20/hr,
10532047,2025-12-28 20:00:51,Failed,Click Intercepted Loop,OpenSesame,Marketing Internship - Summer 2026,https://app.joinhandshake.com/jobs/10532047,Remote,$15–20/hr,
10557550,2025-12-28 20:01:11,Failed,Click Intercepted Loop,Community Ad Network,Social Media Intern,https://app.joinhandshake.com/jobs/10557550,Remote,$15–20/hr,
10585381,2025-12-28 20:01:32,Failed,Click Intercepted Loop,Jolt Creative Labs,Social Media & Digital Marketing Assistant (Part-Time),https://app.joinhandshake.com/jobs/10585381,"Remote or New York, NY",$15–20/hr,
10567215,2025-12-28 20:01:53,Failed,Click Intercepted Loop,ETS/Educational Testing Service,Internship Program - Finance (FP&A),https://app.joinhandshake.com/jobs/10567215,Remote,$15–20/hr,
10044065,2025-12-28 20:02:13,Failed,Click Intercepted Loop,Inizio Marketing,Revenue Operations & Growth Intern (Remote/Hourly),https://app.joinhandshake.com/jobs/10044065,Remote,$15–20/hr,
10538678,2025-12-28 20:02:33,Failed,Click Intercepted Loop,SCOUT Space Inc,Mechanical Engineering Intern,https://app.joinhandshake.com/jobs/10538678,"Remote or Reston, VA",$15–20/hr,
10577920,2025-12-28 20:02:54,Failed,Click Intercepted Loop,Astera Holdings,AI Engineer Intern,https://app.joinhandshake.com/jobs/10577920,"Remote or New York, NY",$15–20/hr,
10541189,2025-12-28 20:03:14,Failed,Click Intercepted Loop,Library of Congress,2026 Junior Fellows Program - REMOTE INTERNSHIP,https://app.joinhandshake.com/jobs/10541189,Remote,$15–20/hr,
10586823,2025-12-28 20:03:34,Failed,Click Intercepted Loop,North Carolina Clean Energy Fund,Intern - Clean Energy Finance,https://app.joinhandshake.com/jobs/10586823,Remote,$15–20/hr,
9979734,2025-12-28 20:03:55,Failed,Click Intercepted Loop,Industrial Technology Research Institute (ITRI),ICL Intern_Medical AI Application Development Intern,https://app.joinhandshake.com/jobs/9979734,"Remote or 新竹市, Hsinchu City",$15–20/hr,
10154709,2025-12-28 20:04:15,Failed,Click Intercepted Loop,Founder’s Apprentice — GTM & AI Growth,Founder’s Apprentice — GTM & AI Growth,https://app.joinhandshake.com/jobs/10154709,Remote,$15–20/hr,
10448907,2025-12-28 20:04:35,Failed,Click Intercepted Loop,"Molina Healthcare, Inc.",Payment Integrity Intern (Analytics) - REMOTE,https://app.joinhandshake.com/jobs/10448907,Remote,$15–20/hr,
10538650,2025-12-28 20:04:56,Failed,Click Intercepted Loop,CPI Card Group,"Internal Audit Intern, Accounting/Business Process - Summer 2026 & Fall 2026",https://app.joinhandshake.com/jobs/10538650,Remote,$15–20/hr,
10508560,2025-12-28 20:05:17,Failed,Click Intercepted Loop,Trane Technologies,2026 Construction Project Management Intern,https://app.joinhandshake.com/jobs/10508560,Remote,$15–20/hr,
10084404,2025-12-28 20:05:39,Failed,Click Intercepted Loop,Dog Gone Walking LLC,Social Media Intern,https://app.joinhandshake.com/jobs/10084404,Remote,$15–20/hr,
10508555,2025-12-28 20:06:07,Failed,Click Intercepted Loop,Trane Technologies,2026 Energy Engineering Intern,https://app.joinhandshake.com/jobs/10508555,Remote,$150–250/mo,
10593099,2025-12-28 20:06:27,Failed,Click Intercepted Loop,Simulations Plus,Quantitative Systems Pharmacology (QSP) Internship,https://app.joinhandshake.com/jobs/10593099,Remote,$150–250/mo,
10060456,2025-12-28 20:06:48,Failed,Click Intercepted Loop,Apex Commercial Funding,Intern,https://app.joinhandshake.com/jobs/10060456,Remote,$150–250/mo,
10527978,2025-12-28 20:07:08,Failed,Click Intercepted Loop,"Molina Healthcare, Inc.",Payment Integrity Intern (Analytics) - REMOTE,https://app.joinhandshake.com/jobs/10527978,"Remote or Akron, OH",$150–250/mo,
10094517,2025-12-28 20:07:29,Failed,Click Intercepted Loop,AppRabbit,"Customer Support Intern – Fitness Tech Startup (Remote, Paid, U.S. Hours)",https://app.joinhandshake.com/jobs/10094517,Remote,$150–250/mo,
10547017,2025-12-28 20:07:49,Failed,Click Intercepted Loop,WHYOU,Penn Brand Ambassador for New Social App,https://app.joinhandshake.com/jobs/10547017,Remote,$150–250/mo,
10307730,2025-12-28 20:08:10,Failed,Click Intercepted Loop,Trane Technologies,2026 Energy Engineering Intern (Remote),https://app.joinhandshake.com/jobs/10307730,Remote,$150–250/mo,
10557769,2025-12-28 20:08:30,Failed,Click Intercepted Loop,TCA Smart Strategies,Political Finance Fellow,https://app.joinhandshake.com/jobs/10557769,Remote,$150–250/mo,
10503819,2025-12-28 20:08:51,Failed,Click Intercepted Loop,Hyperspace Ventures,"UX/UI, Graphic Designer Intern",https://app.joinhandshake.com/jobs/10503819,Remote,$150–250/mo,
10498089,2025-12-28 20:09:11,Failed,Click Intercepted Loop,ServiceNow,Business Operations Analyst Intern,https://app.joinhandshake.com/jobs/10498089,"Remote or San Diego, CA",$150–250/mo,
10417468,2025-12-28 20:09:32,Failed,Click Intercepted Loop,UMD - Applied Research Laboratory for Intelligence and Security (ARLIS),REMOTE Intelligence and Security Internship,https://app.joinhandshake.com/jobs/10417468,"Remote or College Park, MD",$150–250/mo,
10563509,2025-12-28 20:09:52,Failed,Click Intercepted Loop,Atidot,Content & Social Media Marketing Intern,https://app.joinhandshake.com/jobs/10563509,Remote,$150–250/mo,
10570486,2025-12-28 20:10:13,Failed,Click Intercepted Loop,RiPPLE2,Marketing Intern,https://app.joinhandshake.com/jobs/10570486,"Remote or Euless, TX + 1",$150–250/mo,
10254029,2025-12-28 20:10:33,Failed,Click Intercepted Loop,MyDataProduct,Product Marketing Management Intern,https://app.joinhandshake.com/jobs/10254029,Remote,$150–250/mo,
10331610,2025-12-28 20:10:54,Failed,Click Intercepted Loop,ServiceNow,ServiceNow Security Organization (SSO) - Associate Security Risk Analyst Intern,https://app.joinhandshake.com/jobs/10331610,"Remote or San Diego, CA",$150–250/mo,
10073858,2025-12-28 20:11:16,Failed,Click Intercepted Loop,Arctex Inc.,Frontend Engineer Intern (Fall),https://app.joinhandshake.com/jobs/10073858,Remote,$150–250/mo,
9948287,2025-12-28 20:11:44,Failed,Click Intercepted Loop,SEO USA,Access Paid Summer 2026 Internships with SEO Career,https://app.joinhandshake.com/jobs/9948287,"Remote or Los Angeles, CA + 2",$16/hr,
10313403,2025-12-28 20:12:05,Failed,Click Intercepted Loop,BuildCores,3D Engineer,https://app.joinhandshake.com/jobs/10313403,Remote,$16/hr,
10588544,2025-12-28 20:12:25,Failed,Click Intercepted Loop,Nave,Social Media Marketing Internship,https://app.joinhandshake.com/jobs/10588544,"Remote or Boulder, CO",$16/hr,
10575835,2025-12-28 20:12:46,Failed,Click Intercepted Loop,Krahnborn,Salesforce Consulting Intern,https://app.joinhandshake.com/jobs/10575835,"Remote or Madison, WI",$16/hr,
10577986,2025-12-28 20:13:06,Failed,Click Intercepted Loop,"DeafandHoH.com, LLC",Marketing Student Internship,https://app.joinhandshake.com/jobs/10577986,Remote,$16/hr,
10597296,2025-12-28 20:13:27,Failed,Click Intercepted Loop,Serable LLC,Recruitment Internship,https://app.joinhandshake.com/jobs/10597296,Remote,$16/hr,
10544132,2025-12-28 20:13:48,Failed,Click Intercepted Loop,Design Trade Service,Marketing Intern,https://app.joinhandshake.com/jobs/10544132,Remote,$16/hr,
10311408,2025-12-28 20:14:08,Failed,Click Intercepted Loop,Hubbell Incorporated,Hubbell Summer 2026 Internships,https://app.joinhandshake.com/jobs/10311408,"Remote or Boonton, NJ + 16",$16/hr,
10574125,2025-12-28 20:14:29,Failed,Click Intercepted Loop,iCORE Method,Social Media and Marketing Intern,https://app.joinhandshake.com/jobs/10574125,Remote,$16/hr,
10589800,2025-12-28 20:14:49,Failed,Click Intercepted Loop,Merjent Inc,Human Resources Intern,https://app.joinhandshake.com/jobs/10589800,Remote,$16/hr,
10302033,2025-12-28 20:15:09,Failed,Click Intercepted Loop,Planticular Inc.,Business Operations Intern,https://app.joinhandshake.com/jobs/10302033,Remote,$16/hr,
10582048,2025-12-28 20:15:30,Failed,Click Intercepted Loop,BioMarin Pharmaceutical Inc,"Intern, Regulatory Information Management and Technology",https://app.joinhandshake.com/jobs/10582048,Remote,$16/hr,
10417808,2025-12-28 20:15:51,Failed,Click Intercepted Loop,Insmed,Summer Intern – AI-Based Protein Design,https://app.joinhandshake.com/jobs/10417808,Remote,$16/hr,
10542902,2025-12-28 20:16:11,Failed,Click Intercepted Loop,Music Production Intern,Music Production Intern,https://app.joinhandshake.com/jobs/10542902,Remote,$16/hr,
10593573,2025-12-28 20:16:32,Failed,Click Intercepted Loop,Digital Specialist,Digital Specialist,https://app.joinhandshake.com/jobs/10593573,Remote,$16/hr,
10321506,2025-12-28 20:16:52,Failed,Click Intercepted Loop,Intern - The New Geography of Innovation,Intern - The New Geography of Innovation,https://app.joinhandshake.com/jobs/10321506,Remote,$16/hr,
10563154,2025-12-28 20:17:13,Failed,Click Intercepted Loop,Oak Ridge Institute for Science and Education,2026 DOE Scholars Program,https://app.joinhandshake.com/jobs/10563154,"Remote or Washington, DC",$16/hr,
10411375,2025-12-28 20:17:33,Failed,Click Intercepted Loop,"TechFoundation, Inc.",Mass General Brigham-Harvard Medical School-TechFoundation Remote Data Science 2026 Summer Internship Program (national/virtual),https://app.joinhandshake.com/jobs/10411375,Remote,$16/hr,
10271043,2025-12-28 20:17:54,Failed,Click Intercepted Loop,Federal Home Loan Bank of Des Moines,IT Back Office Co-Op,https://app.joinhandshake.com/jobs/10271043,"Remote or Des Moines, IA",$16/hr,
10146020,2025-12-28 20:18:14,Failed,Click Intercepted Loop,"Fitnescity, Inc",Business Development Intern,https://app.joinhandshake.com/jobs/10146020,"Remote or Newark, NJ",$16/hr,
10552599,2025-12-28 20:18:35,Failed,Click Intercepted Loop,Unstuck Engine,Lead Gen Intern,https://app.joinhandshake.com/jobs/10552599,Remote,$16/hr,
10474931,2025-12-28 20:18:55,Failed,Click Intercepted Loop,React Mobile,Business Development Intern,https://app.joinhandshake.com/jobs/10474931,Remote,$16/hr,
10369463,2025-12-28 20:19:16,Failed,Click Intercepted Loop,Constellation Insurance,Actuarial Intern,https://app.joinhandshake.com/jobs/10369463,"Remote or New York, NY + 4",$16/hr,
10566604,2025-12-28 20:19:36,Failed,Click Intercepted Loop,Kings Ransom Group LLC,Marketing and Partnerships Intern,https://app.joinhandshake.com/jobs/10566604,Remote,$16/hr,
10335368,2025-12-28 20:19:58,Failed,Click Intercepted Loop,The Social Institute,Spring 2026 Internships,https://app.joinhandshake.com/jobs/10335368,Remote,$16/hr,
10055315,2025-12-28 20:20:27,Failed,Click Intercepted Loop,"911 PC HELP,Inc.",Business Development Representative Intern,https://app.joinhandshake.com/jobs/10055315,Remote,$17/hr,
10575181,2025-12-28 20:20:47,Failed,Click Intercepted Loop,Carbon Solutions Group,SREC Operations Intern,https://app.joinhandshake.com/jobs/10575181,Remote,$17/hr,
10065754,2025-12-28 20:21:08,Failed,Click Intercepted Loop,Noyack Capital Partners,Business Development Intern,https://app.joinhandshake.com/jobs/10065754,Remote,$17/hr,
10324143,2025-12-28 20:21:28,Failed,Click Intercepted Loop,Barron International Group,Investment Banking Intern,https://app.joinhandshake.com/jobs/10324143,Remote,$17/hr,
10098998,2025-12-28 20:21:49,Failed,Click Intercepted Loop,Bounce,Sales Internship,https://app.joinhandshake.com/jobs/10098998,Remote,$17/hr,
10124813,2025-12-28 20:22:09,Failed,Click Intercepted Loop,Atreyus Ai,Marketing Intern,https://app.joinhandshake.com/jobs/10124813,Remote,$17/hr,
10366648,2025-12-28 20:22:30,Failed,Click Intercepted Loop,CommitAI,Chief of Staff Intern,https://app.joinhandshake.com/jobs/10366648,Remote,$17/hr,
10560837,2025-12-28 20:22:50,Failed,Click Intercepted Loop,Yunit,Marketing Intern,https://app.joinhandshake.com/jobs/10560837,Remote,$17/hr,
9785321,2025-12-28 20:23:11,Failed,Click Intercepted Loop,Sales Intern,Sales Intern,https://app.joinhandshake.com/jobs/9785321,Remote,$17/hr,
9977287,2025-12-28 20:23:32,Failed,Click Intercepted Loop,Campus Marketing Ambassador,Campus Marketing Ambassador,https://app.joinhandshake.com/jobs/9977287,Remote,$17/hr,
10262194,2025-12-28 20:23:52,Failed,Click Intercepted Loop,Atlassian,"Security Engineer Intern, 2026 Summer U.S.",https://app.joinhandshake.com/jobs/10262194,"Remote or Seattle, WA",$17/hr,
10544791,2025-12-28 20:24:13,Failed,Click Intercepted Loop,Bridge Meals,Social Media Intern,https://app.joinhandshake.com/jobs/10544791,Remote,$17/hr,
10557939,2025-12-28 20:24:33,Failed,Click Intercepted Loop,Art N Soul,Engineering Intern Co-op,https://app.joinhandshake.com/jobs/10557939,"Remote or Charlotte, NC + 4",$17/hr,
10548174,2025-12-28 20:24:54,Failed,Click Intercepted Loop,Solenis,Marketing Intern for Residential Pools Business,https://app.joinhandshake.com/jobs/10548174,Remote,$17/hr,
10557608,2025-12-28 20:25:15,Failed,Click Intercepted Loop,Bridge Meals,Graphic Design Intern,https://app.joinhandshake.com/jobs/10557608,Remote,$17/hr,
10538697,2025-12-28 20:25:35,Failed,Click Intercepted Loop,SCOUT Space Inc,Electrical Engineering Intern,https://app.joinhandshake.com/jobs/10538697,"Remote or Reston, VA",$17/hr,
10597029,2025-12-28 20:25:56,Failed,Click Intercepted Loop,David Arkin Consulting,Remote and paid content Intern,https://app.joinhandshake.com/jobs/10597029,Remote,$17/hr,
10135321,2025-12-28 20:26:16,Failed,Click Intercepted Loop,Qidds Inc.,Marketing Intern,https://app.joinhandshake.com/jobs/10135321,Remote,$17/hr,
10438652,2025-12-28 20:26:37,Failed,Click Intercepted Loop,VoteHub,Data Analytics Intern (Spring 2026),https://app.joinhandshake.com/jobs/10438652,Remote,$17/hr,
10591298,2025-12-28 20:26:57,Failed,Click Intercepted Loop,On Earth Peace,On Earth Peace Internship,https://app.joinhandshake.com/jobs/10591298,Remote,$17/hr,
10569292,2025-12-28 20:27:18,Failed,Click Intercepted Loop,InfoWerks Data Services LLC,Marketing Internship - paid,https://app.joinhandshake.com/jobs/10569292,Remote,$17/hr,
10256013,2025-12-28 20:27:38,Failed,Click Intercepted Loop,Impact Advisors,IT Advisory Intern,https://app.joinhandshake.com/jobs/10256013,Remote,$17/hr,
10325893,2025-12-28 20:28:00,Failed,Click Intercepted Loop,"Immutaverse, Inc.",Lead Generation Internship,https://app.joinhandshake.com/jobs/10325893,Remote,$17/hr,
10581308,2025-12-28 20:28:19,External,,Branch Politics,Election Researcher,https://app.joinhandshake.com/jobs/10581308,Remote,$15/hr,
10576065,2025-12-28 20:28:22,External,,Corsair,Partnerships Operations Intern,https://app.joinhandshake.com/jobs/10576065,Remote,$25/hr,
10577213,2025-12-28 20:28:24,External,,American Conservation Experience,Project Management Intern,https://app.joinhandshake.com/jobs/10577213,Remote,"$3,360/mo",
10543210,2025-12-28 20:28:36,Failed,Click Intercepted Loop,Pittsburgh Scholar House,Social Media Intern,https://app.joinhandshake.com/jobs/10543210,Remote,$22–30/hr∙Part-time job,
10538223,2025-12-28 20:28:56,Failed,Click Intercepted Loop,TishEd Inc.,Campus Scholarship Ambassador,https://app.joinhandshake.com/jobs/10538223,Remote,$22–30/hr∙Part-time job,
10325014,2025-12-28 20:29:17,Failed,Click Intercepted Loop,Meli,Lead Campus Ambassador,https://app.joinhandshake.com/jobs/10325014,Remote,$22–30/hr∙Part-time job,
10260963,2025-12-28 20:29:37,Failed,Click Intercepted Loop,"CNO Financial Group, Inc.",CNO Actuarial Internship- Summer 2026,https://app.joinhandshake.com/jobs/10260963,"Remote or Carmel, IN + 1",$22–30/hr∙Part-time job,
10505503,2025-12-28 20:29:57,Failed,Click Intercepted Loop,Empire Investment Bank,2026 Spring Investment Banking Analyst Position,https://app.joinhandshake.com/jobs/10505503,Remote,$22–30/hr∙Part-time job,
10350258,2025-12-28 20:30:18,Failed,Click Intercepted Loop,Sharpstakes,Sales and Business Development Internship,https://app.joinhandshake.com/jobs/10350258,Remote,$22–30/hr∙Part-time job,
10479700,2025-12-28 20:30:38,Failed,Click Intercepted Loop,Coach Kee's 360 Training,Project Coordinator Intern,https://app.joinhandshake.com/jobs/10479700,Remote,$22–30/hr∙Part-time job,
10525339,2025-12-28 20:30:59,Failed,Click Intercepted Loop,Digital Marketing Assistant,Digital Marketing Assistant,https://app.joinhandshake.com/jobs/10525339,Remote,$22–30/hr∙Part-time job,
10574857,2025-12-28 20:31:19,Failed,Click Intercepted Loop,Continuum,Cognitive Profile Analyst,https://app.joinhandshake.com/jobs/10574857,Remote,$22–30/hr∙Part-time job,
10366672,2025-12-28 20:31:40,Failed,Click Intercepted Loop,CommitAI,Content & Media Partnerships Intern,https://app.joinhandshake.com/jobs/10366672,Remote,$22–30/hr∙Part-time job,
10254467,2025-12-28 20:32:00,Failed,Click Intercepted Loop,RYLTY,Investments Analyst (Fall Intern),https://app.joinhandshake.com/jobs/10254467,Remote,$22–30/hr∙Part-time job,
10536443,2025-12-28 20:32:21,Failed,Click Intercepted Loop,Third Shift,Social Media and Content Creation Intern,https://app.joinhandshake.com/jobs/10536443,Remote,$22–30/hr∙Part-time job,
10550000,2025-12-28 20:32:42,Failed,Click Intercepted Loop,Life's Bread Music LLC,A&R Talent Scout (Internship),https://app.joinhandshake.com/jobs/10550000,"Remote or Miami, FL",$22–30/hr∙Part-time job,
10578910,2025-12-28 20:33:03,Failed,Click Intercepted Loop,USEReady,Community Internship,https://app.joinhandshake.com/jobs/10578910,Remote,$22–30/hr∙Part-time job,
10154168,2025-12-28 20:33:23,Failed,Click Intercepted Loop,CareYaya Health Technologies Inc.,Data Science Internship (Great Pay),https://app.joinhandshake.com/jobs/10154168,"Remote or San Francisco, CA + 50",$22–30/hr∙Part-time job,
10585704,2025-12-28 20:33:44,Failed,Click Intercepted Loop,Applications Intern,Applications Intern,https://app.joinhandshake.com/jobs/10585704,"Remote or Indianapolis, IN",$22–30/hr∙Part-time job,
10586863,2025-12-28 20:34:04,Failed,Click Intercepted Loop,Marketing and Sales Intern,Marketing and Sales Intern,https://app.joinhandshake.com/jobs/10586863,Remote,$22–30/hr∙Part-time job,
10501335,2025-12-28 20:34:25,Failed,Click Intercepted Loop,Massachusetts Institute of Technology (MIT),MIT Beaver Works - Remote Sensing Teaching Assistant,https://app.joinhandshake.com/jobs/10501335,Remote,$22–30/hr∙Part-time job,
10553265,2025-12-28 20:34:45,Failed,Click Intercepted Loop,FireModule,"Sales Intern, Remote Part-Time Spring Semester",https://app.joinhandshake.com/jobs/10553265,Remote,$22–30/hr∙Part-time job,
10581251,2025-12-28 20:35:07,Failed,Click Intercepted Loop,Gala Circle Inc.,Recruitment Coordinator Intern,https://app.joinhandshake.com/jobs/10581251,Remote,$22–30/hr∙Part-time job,
10291169,2025-12-28 20:35:29,Failed,Click Intercepted Loop,"Serac, LLC",P/T Beginner Level Futures Day Trader,https://app.joinhandshake.com/jobs/10291169,Remote,$22–30/hr∙Part-time job,
10541003,2025-12-28 20:35:57,Failed,Click Intercepted Loop,Amma,Marketing Intern,https://app.joinhandshake.com/jobs/10541003,Remote,$1–2K/mo,
10537669,2025-12-28 20:36:18,Failed,Click Intercepted Loop,Defector Media,Editorial Intern,https://app.joinhandshake.com/jobs/10537669,Remote,$1–2K/mo,
10537466,2025-12-28 20:36:38,Failed,Click Intercepted Loop,DonorPerfect,Marketing Design Intern,https://app.joinhandshake.com/jobs/10537466,Remote,$1–2K/mo,
10574080,2025-12-28 20:36:58,Failed,Click Intercepted Loop,Sekai,Campus Product Manager,https://app.joinhandshake.com/jobs/10574080,Remote,$1–2K/mo,
10559508,2025-12-28 20:37:19,Failed,Click Intercepted Loop,Unstuck Engine,b2b CX (customer experience) intern,https://app.joinhandshake.com/jobs/10559508,Remote,$1–2K/mo,
10535719,2025-12-28 20:37:39,Failed,Click Intercepted Loop,Launchpoint,Campus Growth,https://app.joinhandshake.com/jobs/10535719,Remote,$1–2K/mo,
10535703,2025-12-28 20:37:59,Failed,Click Intercepted Loop,Babel Institute,Social Media Intern (Paid),https://app.joinhandshake.com/jobs/10535703,Remote,$1–2K/mo,
10087532,2025-12-28 20:38:20,Failed,Click Intercepted Loop,Arctex Inc.,Business Analyst Intern,https://app.joinhandshake.com/jobs/10087532,Remote,$1–2K/mo,
10546161,2025-12-28 20:38:40,Failed,Click Intercepted Loop,North Carolina Network of Grantmakers,Nonprofit Internship Program Summer 2026,https://app.joinhandshake.com/jobs/10546161,"Remote or Windsor, NC + 38",$1–2K/mo,
10145644,2025-12-28 20:39:00,Failed,Click Intercepted Loop,Jumpstart:HR,Research and Analyst Intern,https://app.joinhandshake.com/jobs/10145644,Remote,$1–2K/mo,
10041212,2025-12-28 20:39:21,Failed,Click Intercepted Loop,Unstop,Operations Intern,https://app.joinhandshake.com/jobs/10041212,Remote,$1–2K/mo,
10356704,2025-12-28 20:39:41,Failed,Click Intercepted Loop,Rust Systems Intern,Rust Systems Intern,https://app.joinhandshake.com/jobs/10356704,Remote,$1–2K/mo,
10553079,2025-12-28 20:40:02,Failed,Click Intercepted Loop,CEESP Summer 2026 Internship,CEESP Summer 2026 Internship,https://app.joinhandshake.com/jobs/10553079,"Remote or New York, NY",$1–2K/mo,
10541915,2025-12-28 20:40:22,Failed,Click Intercepted Loop,Art Researcher,Art Researcher,https://app.joinhandshake.com/jobs/10541915,Remote,$1–2K/mo,
10586854,2025-12-28 20:40:42,Failed,Click Intercepted Loop,United Opticians Association,Public Policy Intern,https://app.joinhandshake.com/jobs/10586854,Remote,$1–2K/mo,
10111772,2025-12-28 20:41:04,Failed,Click Intercepted Loop,Sellside Group,Junior M&A Analyst,https://app.joinhandshake.com/jobs/10111772,Remote,$1–2K/mo,
10120749,2025-12-28 20:41:23,External,,CareYaya Health Technologies Inc.,Artificial Intelligence Internship (Great Pay),https://app.joinhandshake.com/jobs/10120749,"Remote or Dallas, TX + 50",$20–40/hr,
9644506,2025-12-28 20:41:35,Failed,Click Intercepted Loop,Liba Space,Marketing and Business Development Intern,https://app.joinhandshake.com/jobs/9644506,Remote,$20/hr∙Internship,
10591764,2025-12-28 20:41:56,Failed,Click Intercepted Loop,Chapter One,Entrepreneur,https://app.joinhandshake.com/jobs/10591764,Remote,$20/hr∙Internship,
10270972,2025-12-28 20:42:16,Failed,Click Intercepted Loop,Federal Home Loan Bank of Des Moines,Application Development Co-Op,https://app.joinhandshake.com/jobs/10270972,"Remote or Des Moines, IA",$20/hr∙Internship,
10574921,2025-12-28 20:42:36,Failed,Click Intercepted Loop,LEAD Training,Instructional Design Intern,https://app.joinhandshake.com/jobs/10574921,Remote,$20/hr∙Internship,
10536404,2025-12-28 20:42:57,Failed,Click Intercepted Loop,Third Shift,Graphic Design Intern,https://app.joinhandshake.com/jobs/10536404,Remote,$20/hr∙Internship,
10240240,2025-12-28 20:43:17,Failed,Click Intercepted Loop,Beat Insurance Services LLC,Account Executive Intern (Insurance),https://app.joinhandshake.com/jobs/10240240,Remote,$20/hr∙Internship,
10582500,2025-12-28 20:43:38,Failed,Click Intercepted Loop,Tremco CPG Inc.,Construction Management Internship Program,https://app.joinhandshake.com/jobs/10582500,"Remote or Pensacola, FL",$20/hr∙Internship,
10537343,2025-12-28 20:43:59,Failed,Click Intercepted Loop,"I Believe Productions, LLC",Associate Producer,https://app.joinhandshake.com/jobs/10537343,Remote,$20/hr∙Internship,
10071407,2025-12-28 20:44:19,Failed,Click Intercepted Loop,Dark Alpha Capital LLC,Private Equity Intern,https://app.joinhandshake.com/jobs/10071407,Remote,$20/hr∙Internship,
10596018,2025-12-28 20:44:40,Failed,Click Intercepted Loop,Omneky,Marketing Intern,https://app.joinhandshake.com/jobs/10596018,Remote,$20/hr∙Internship,
10040688,2025-12-28 20:45:00,Failed,Click Intercepted Loop,Elias Real Estate Group,Digital Marketing Intern,https://app.joinhandshake.com/jobs/10040688,Remote,$20/hr∙Internship,
10565538,2025-12-28 20:45:21,Failed,Click Intercepted Loop,Thropic Games,Social Media & Community Marketing Intern,https://app.joinhandshake.com/jobs/10565538,"Remote or Denver, CO",$20/hr∙Internship,
10498147,2025-12-28 20:45:41,Failed,Click Intercepted Loop,ServiceNow,Inbound Product Manager Intern,https://app.joinhandshake.com/jobs/10498147,"Remote or Santa Clara, CA",$20/hr∙Internship,
10577764,2025-12-28 20:46:02,Failed,Click Intercepted Loop,Music/Tech Startup - Content Creation & Strategist,Music/Tech Startup - Content Creation & Strategist,https://app.joinhandshake.com/jobs/10577764,Remote,$20/hr∙Internship,
10259245,2025-12-28 20:46:22,Failed,Click Intercepted Loop,Atlas Optimum,Growth Intern,https://app.joinhandshake.com/jobs/10259245,Remote,$20/hr∙Internship,
10552688,2025-12-28 20:46:43,Failed,Click Intercepted Loop,Unstuck Engine,B2B Content Intern,https://app.joinhandshake.com/jobs/10552688,Remote,$20/hr∙Internship,
10368968,2025-12-28 20:47:04,Failed,Click Intercepted Loop,ServiceNow,"EX - Product Design Internships (UX, Visual and Content Design) - Summer 2026",https://app.joinhandshake.com/jobs/10368968,"Remote or San Diego, CA",$20/hr∙Internship,
10579305,2025-12-28 20:47:24,Failed,Click Intercepted Loop,Camden Coalition of Healthcare Providers,Field Building and Resources Intern,https://app.joinhandshake.com/jobs/10579305,"Remote or Camden, NJ",$20/hr∙Internship,
10583455,2025-12-28 20:47:45,Failed,Click Intercepted Loop,Venturous,Marketing & Community Intern,https://app.joinhandshake.com/jobs/10583455,Remote,$20/hr∙Internship,
10501560,2025-12-28 20:48:05,Failed,Click Intercepted Loop,Massachusetts Institute of Technology (MIT),MIT Beaver Works - CyberOps Teaching Assistant,https://app.joinhandshake.com/jobs/10501560,Remote,$20/hr∙Internship,
10381594,2025-12-28 20:48:26,Failed,Click Intercepted Loop,Foundation for Defense of Democracies,Cyber & Technology Innovation Research Spring 2026 Internship,https://app.joinhandshake.com/jobs/10381594,"Remote or Washington, DC",$20/hr∙Internship,
10597485,2025-12-28 20:48:47,Failed,Click Intercepted Loop,Chapter One,Business Operations Summer Internship 2026,https://app.joinhandshake.com/jobs/10597485,Remote,$20/hr∙Internship,
10086775,2025-12-28 20:49:09,Failed,Click Intercepted Loop,Sage AI,Business Development Representative - Internship,https://app.joinhandshake.com/jobs/10086775,Remote,$20/hr∙Internship,
10342370,2025-12-28 20:49:37,Failed,Click Intercepted Loop,ESG Real Estate Laboratory,World Cup Business Development Internship,https://app.joinhandshake.com/jobs/10342370,Remote,"$1,200/mo",
10547021,2025-12-28 20:49:57,Failed,Click Intercepted Loop,Marketing Social Media Intern,Marketing Social Media Intern,https://app.joinhandshake.com/jobs/10547021,Remote,"$1,200/mo",
10576110,2025-12-28 20:50:18,Failed,Click Intercepted Loop,Corsair,Gaming Product Intern - 3D Render,https://app.joinhandshake.com/jobs/10576110,Remote,"$1,200/mo",
10500710,2025-12-28 20:50:39,Failed,Click Intercepted Loop,Massachusetts Institute of Technology (MIT),MIT Beaver Works - Quantum Software Teaching Assistant,https://app.joinhandshake.com/jobs/10500710,Remote,"$1,200/mo",
10566384,2025-12-28 20:50:59,Failed,Click Intercepted Loop,"Stride, Inc.",CRE Intern,https://app.joinhandshake.com/jobs/10566384,Remote,"$1,200/mo",
10581214,2025-12-28 20:51:20,Failed,Click Intercepted Loop,Early Burdz,Events & Community Intern,https://app.joinhandshake.com/jobs/10581214,"Remote or Los Angeles, CA + 6","$1,200/mo",
10537800,2025-12-28 20:51:40,Failed,Click Intercepted Loop,SCOUT Space Inc,"GNC (Guidance, Navigation, and Controls) and Astrodynamics Engineering Intern",https://app.joinhandshake.com/jobs/10537800,"Remote or Reston, VA","$1,200/mo",
10379413,2025-12-28 20:52:00,Failed,Click Intercepted Loop,Victoria's Secret & Co.,Summer 2026 Digital Internship with Victoria's Secret & Co.,https://app.joinhandshake.com/jobs/10379413,Remote,"$1,200/mo",
10469440,2025-12-28 20:52:21,Failed,Click Intercepted Loop,Patent Research Intern,Patent Research Intern,https://app.joinhandshake.com/jobs/10469440,Remote,"$1,200/mo",
10559568,2025-12-28 20:52:41,Failed,Click Intercepted Loop,Commonpoint Queens,Ladders for Leaders- Summer 2026 Internship Opportunity,https://app.joinhandshake.com/jobs/10559568,"Remote or New York, NY","$1,200/mo",
10092002,2025-12-28 20:53:02,Failed,Click Intercepted Loop,Universities Space Research Association (USRA),Air Force Research Laboratory Scholars Program Internship,https://app.joinhandshake.com/jobs/10092002,"Remote or Edwards, CA + 4","$1,200/mo",
10574688,2025-12-28 20:53:22,Failed,Click Intercepted Loop,Axia Growth Partners,Personal Brand Associate (Part-Time),https://app.joinhandshake.com/jobs/10574688,Remote,"$1,200/mo",
10587666,2025-12-28 20:53:43,Failed,Click Intercepted Loop,Infantry Sports,Creative Design / Social Media Intern,https://app.joinhandshake.com/jobs/10587666,Remote,"$1,200/mo",
10577599,2025-12-28 20:54:03,Failed,Click Intercepted Loop,Sungate Records,Digital Content & Video Intern,https://app.joinhandshake.com/jobs/10577599,Remote,"$1,200/mo",
10585633,2025-12-28 20:54:23,Failed,Click Intercepted Loop,Stoke Ventures,Content Creator/Social Media Manager Intern,https://app.joinhandshake.com/jobs/10585633,Remote,"$1,200/mo",
10545842,2025-12-28 20:54:44,Failed,Click Intercepted Loop,NXT 1,Graphic Design Intern,https://app.joinhandshake.com/jobs/10545842,Remote,"$1,200/mo",
10597399,2025-12-28 20:55:04,Failed,Click Intercepted Loop,AI Work Shield LLC,Student Content Creator Intern - Education Content Intern,https://app.joinhandshake.com/jobs/10597399,Remote,"$1,200/mo",
10539742,2025-12-28 20:55:25,Failed,Click Intercepted Loop,Latterell Law,Social Media Manager,https://app.joinhandshake.com/jobs/10539742,Remote,"$1,200/mo",
10566995,2025-12-28 20:55:45,Failed,Click Intercepted Loop,Vower,Operations Intern,https://app.joinhandshake.com/jobs/10566995,"Remote or Atlanta, GA","$1,200/mo",
10545402,2025-12-28 20:55:57,Saved,"Cover Letter, Document Selector (search your cover letters)",Kaplan Interpreting Services,Remote Client Engagement & Market Development Intern with CEO Mentorship,https://app.joinhandshake.com/jobs/10545402,Remote,"$1,200/mo",
10077859,2025-12-28 20:56:15,Failed,Click Intercepted Loop,Commonwealth of Pennsylvania,Office of Health Equity Undergraduate Intern (College),https://app.joinhandshake.com/jobs/10077859,Remote,$800–4K/mo,
10543589,2025-12-28 20:56:26,Saved,"Other Docs, Document Selector (search your other documents)",Blitzo,Part-Time Content Creator,https://app.joinhandshake.com/jobs/10543589,Remote,$800–4K/mo,
10551087,2025-12-28 20:56:30,Saved,"Other Docs, Document Selector (search your other documents)",Welldoc,Regulatory Affairs Intern,https://app.joinhandshake.com/jobs/10551087,Remote,$800–4K/mo,
10501482,2025-12-28 20:56:45,External,,Massachusetts Institute of Technology (MIT),MIT Beaver Works - Medlytics Teaching Assistant,https://app.joinhandshake.com/jobs/10501482,Remote,$18–25/hr,
10068045,2025-12-28 20:56:47,Skipped,,Chapter One,Business Operations Internship Fall 2025,https://app.joinhandshake.com/jobs/10068045,Remote,,
10536184,2025-12-28 20:56:50,Saved,"Cover Letter, Other Docs, Document Selector (search your other documents)",NewHotMusic.com,Video Editor Intern (Paid),https://app.joinhandshake.com/jobs/10536184,Remote,$50–1K/hr,
9793447,2025-12-28 20:56:53,Failed,Click Intercepted Loop,Specright,Packaging Specification Data Entry Specialist,https://app.joinhandshake.com/jobs/9793447,"Remote or East Lansing, MI",$50–1K/hr,
10395738,2025-12-28 20:57:05,APPLIED,Resume Only,Finance Intern,Finance Intern,https://app.joinhandshake.com/jobs/10395738,Remote,$10–15/hr∙Internship,
10569676,2025-12-28 20:57:13,External,,Marvelous.works,Partnerships Intern,https://app.joinhandshake.com/jobs/10569676,Remote,$15–20/hr,
10124868,2025-12-28 20:57:24,Failed,Click Intercepted Loop,CareYaya Health Technologies Inc.,Software Development Internship (Great Pay),https://app.joinhandshake.com/jobs/10124868,"Remote or Dallas, TX + 64",$100/mo,
10096599,2025-12-28 20:57:44,Failed,Click Intercepted Loop,Hut 8,Mechanical Engineering Intern,https://app.joinhandshake.com/jobs/10096599,"Remote or Dallas, TX",$100/mo,
10270984,2025-12-28 20:58:05,Failed,Click Intercepted Loop,Business Operations Intern-Cleansly LLC,Business Operations Intern-Cleansly LLC,https://app.joinhandshake.com/jobs/10270984,Remote,$100/mo,
10106744,2025-12-28 20:58:26,Failed,Click Intercepted Loop,Sales Intern,Sales Intern,https://app.joinhandshake.com/jobs/10106744,Remote,$100/mo,
10546248,2025-12-28 20:58:47,Failed,Click Intercepted Loop,Blessn,Social Media Intern,https://app.joinhandshake.com/jobs/10546248,Remote,$100/mo,
10574402,2025-12-28 20:59:07,Failed,Click Intercepted Loop,Geometry Node,Social Content Designer Intern,https://app.joinhandshake.com/jobs/10574402,Remote,$100/mo,
